id,row,column,type,cell_center
1,22,42,0,61.30/-44.48
2,22,43,0,61.82/-43.21
3,22,44,1,62.34/-46.02
4,23,40,4,60.26/-41.85
5,23,41,4,60.78/-40.57
6,23,42,0,61.30/-43.23
7,23,43,0,61.82/-41.94
8,23,44,1,62.34/-44.73
9,24,38,0,59.23/-39.38
10,24,39,0,59.75/-38.11
11,24,40,0,60.26/-40.63
12,24,41,4,60.78/-39.34
13,24,42,0,61.30/-41.98
14,24,43,0,61.82/-40.67
15,24,44,0,62.34/-43.43
16,24,45,0,62.86/-42.10
17,24,46,1,63.38/-45.00
18,25,36,7,58.19/-37.08
19,25,37,7,58.71/-35.81
20,25,38,7,59.23/-38.21
21,25,39,0,59.75/-36.92
22,25,40,0,60.26/-39.42
23,25,41,0,60.78/-38.11
24,25,42,4,61.30/-40.73
25,25,43,4,61.82/-39.39
26,25,44,0,62.34/-42.13
27,25,45,0,62.86/-40.78
28,25,46,1,63.38/-43.66
29,25,47,1,63.90/-42.29
30,25,48,1,64.42/-45.32
31,26,34,7,57.15/-34.92
32,26,35,7,57.67/-33.65
33,26,36,7,58.19/-35.94
34,26,37,7,58.71/-34.65
35,26,38,7,59.23/-37.03
36,26,39,7,59.75/-35.73
37,26,40,7,60.26/-38.21
38,26,41,7,60.78/-36.88
39,26,42,0,61.30/-39.47
40,26,43,0,61.82/-38.12
41,26,44,0,62.34/-40.84
42,26,45,0,62.86/-39.47
43,26,46,0,63.38/-42.32
44,26,47,0,63.90/-40.92
45,26,48,1,64.42/-43.92
46,26,49,1,64.94/-42.51
47,26,50,1,65.46/-45.67
48,27,32,7,56.11/-32.89
49,27,33,7,56.63/-31.63
50,27,34,7,57.15/-33.81
51,27,35,7,57.67/-32.53
52,27,36,7,58.19/-34.80
53,27,37,7,58.71/-33.50
54,27,38,7,59.23/-35.86
55,27,39,7,59.75/-34.53
56,27,40,7,60.26/-36.99
57,27,41,7,60.78/-35.65
58,27,42,0,61.30/-38.22
59,27,43,4,61.82/-36.85
60,27,44,4,62.34/-39.54
61,27,45,4,62.86/-38.15
62,27,46,0,63.38/-40.97
63,27,47,0,63.90/-39.56
64,27,48,1,64.42/-42.53
65,27,49,0,64.94/-41.09
66,27,50,1,65.46/-44.22
67,27,51,1,65.98/-42.76
68,27,52,1,66.50/-46.06
69,28,30,7,55.07/-30.97
70,28,31,7,55.59/-29.72
71,28,32,7,56.11/-31.81
72,28,33,7,56.63/-30.54
73,28,34,7,57.15/-32.70
74,28,35,7,57.67/-31.41
75,28,36,7,58.19/-33.66
76,28,37,7,58.71/-32.34
77,28,38,7,59.23/-34.68
78,28,39,7,59.75/-33.34
79,28,40,7,60.26/-35.78
80,28,41,7,60.78/-34.42
81,28,42,7,61.30/-36.97
82,28,43,7,61.82/-35.58
83,28,44,0,62.34/-38.25
84,28,45,4,62.86/-36.84
85,28,46,0,63.38/-39.63
86,28,47,0,63.90/-38.20
87,28,48,0,64.42/-41.13
88,28,49,0,64.94/-39.67
89,28,50,1,65.46/-42.77
90,28,51,1,65.98/-41.28
91,28,52,1,66.50/-44.55
92,29,28,7,54.03/-29.17
93,29,29,7,54.55/-27.93
94,29,30,7,55.07/-29.92
95,29,31,4,55.59/-28.66
96,29,32,7,56.11/-30.73
97,29,33,7,56.63/-29.45
98,29,34,7,57.15/-31.59
99,29,35,7,57.67/-30.29
100,29,36,7,58.19/-32.51
101,29,37,7,58.71/-31.19
102,29,38,7,59.23/-33.50
103,29,39,7,59.75/-32.15
104,29,40,7,60.26/-34.57
105,29,41,7,60.78/-33.19
106,29,42,7,61.30/-35.71
107,29,43,7,61.82/-34.31
108,29,44,0,62.34/-36.95
109,29,45,0,62.86/-35.52
110,29,46,4,63.38/-38.29
111,29,47,4,63.90/-36.83
112,29,48,0,64.42/-39.74
113,29,49,0,64.94/-38.26
114,29,50,0,65.46/-41.32
115,29,51,0,65.98/-39.81
116,29,52,1,66.50/-43.04
117,29,53,1,67.02/-41.51
118,29,54,1,67.54/-44.93
119,30,26,7,52.99/-27.46
120,30,27,7,53.51/-26.23
121,30,28,7,54.03/-28.14
122,30,29,7,54.55/-26.89
123,30,30,4,55.07/-28.87
124,30,31,7,55.59/-27.60
125,30,32,7,56.11/-29.65
126,30,33,7,56.63/-28.36
127,30,34,7,57.15/-30.48
128,30,35,7,57.67/-29.17
129,30,36,7,58.19/-31.37
130,30,37,7,58.71/-30.03
131,30,38,7,59.23/-32.33
132,30,39,7,59.75/-30.96
133,30,40,7,60.26/-33.35
134,30,41,7,60.78/-31.96
135,30,42,7,61.30/-34.46
136,30,43,7,61.82/-33.04
137,30,44,7,62.34/-35.65
138,30,45,7,62.86/-34.21
139,30,46,0,63.38/-36.94
140,30,47,4,63.90/-35.47
141,30,48,0,64.42/-38.34
142,30,49,0,64.94/-36.84
143,30,50,0,65.46/-39.87
144,30,51,0,65.98/-38.33
145,30,52,1,66.50/-41.53
146,30,53,1,67.02/-39.97
147,30,54,1,67.54/-43.36
148,30,55,1,68.06/-41.76
149,30,56,1,68.58/-45.37
150,31,24,7,51.95/-25.84
151,31,25,7,52.47/-24.62
152,31,26,7,52.99/-26.46
153,31,27,7,53.51/-25.22
154,31,28,7,54.03/-27.12
155,31,29,7,54.55/-25.86
156,31,30,7,55.07/-27.82
157,31,31,7,55.59/-26.54
158,31,32,4,56.11/-28.57
159,31,33,7,56.63/-27.27
160,31,34,7,57.15/-29.37
161,31,35,7,57.67/-28.04
162,31,36,7,58.19/-30.23
163,31,37,7,58.71/-28.88
164,31,38,7,59.23/-31.15
165,31,39,7,59.75/-29.77
166,31,40,7,60.26/-32.14
167,31,41,7,60.78/-30.73
168,31,42,7,61.30/-33.21
169,31,43,7,61.82/-31.77
170,31,44,7,62.34/-34.36
171,31,45,7,62.86/-32.89
172,31,46,7,63.38/-35.60
173,31,47,0,63.90/-34.10
174,31,48,0,64.42/-36.95
175,31,49,0,64.94/-35.42
176,31,50,0,65.46/-38.42
177,31,51,0,65.98/-36.86
178,31,52,1,66.50/-40.02
179,31,53,1,67.02/-38.43
180,31,54,1,67.54/-41.78
181,31,55,1,68.06/-40.16
182,31,56,1,68.58/-43.72
183,31,57,1,69.10/-42.06
184,31,58,1,69.62/-45.85
185,32,22,0,50.91/-24.30
186,32,23,0,51.43/-23.09
187,32,24,7,51.95/-24.86
188,32,25,7,52.47/-23.63
189,32,26,7,52.99/-25.46
190,32,27,7,53.51/-24.21
191,32,28,7,54.03/-26.10
192,32,29,7,54.55/-24.82
193,32,30,7,55.07/-26.77
194,32,31,7,55.59/-25.48
195,32,32,4,56.11/-27.49
196,32,33,4,56.63/-26.18
197,32,34,7,57.15/-28.27
198,32,35,7,57.67/-26.92
199,32,36,7,58.19/-29.09
200,32,37,7,58.71/-27.72
201,32,38,7,59.23/-29.98
202,32,39,7,59.75/-28.58
203,32,40,7,60.26/-30.93
204,32,41,7,60.78/-29.50
205,32,42,7,61.30/-31.95
206,32,43,7,61.82/-30.50
207,32,44,7,62.34/-33.06
208,32,45,7,62.86/-31.57
209,32,46,7,63.38/-34.26
210,32,47,0,63.90/-32.74
211,32,48,4,64.42/-35.55
212,32,49,0,64.94/-34.01
213,32,50,0,65.46/-36.97
214,32,51,0,65.98/-35.39
215,32,52,1,66.50/-38.51
216,32,53,1,67.02/-36.89
217,32,54,1,67.54/-40.20
218,32,55,1,68.06/-38.55
219,32,56,1,68.58/-42.07
220,32,57,1,69.10/-40.38
221,32,58,1,69.62/-44.12
222,32,59,1,70.14/-42.40
223,32,60,1,70.66/-46.41
224,33,20,0,49.87/-22.84
225,33,21,0,50.39/-21.64
226,33,22,0,50.91/-23.35
227,33,23,0,51.43/-22.13
228,33,24,7,51.95/-23.89
229,33,25,7,52.47/-22.65
230,33,26,7,52.99/-24.46
231,33,27,7,53.51/-23.20
232,33,28,7,54.03/-25.07
233,33,29,7,54.55/-23.79
234,33,30,7,55.07/-25.72
235,33,31,7,55.59/-24.42
236,33,32,7,56.11/-26.42
237,33,33,4,56.63/-25.08
238,33,34,7,57.15/-27.16
239,33,35,7,57.67/-25.80
240,33,36,7,58.19/-27.95
241,33,37,7,58.71/-26.57
242,33,38,7,59.23/-28.80
243,33,39,7,59.75/-27.39
244,33,40,7,60.26/-29.72
245,33,41,7,60.78/-28.27
246,33,42,7,61.30/-30.70
247,33,43,7,61.82/-29.23
248,33,44,7,62.34/-31.76
249,33,45,7,62.86/-30.26
250,33,46,7,63.38/-32.91
251,33,47,0,63.90/-31.38
252,33,48,4,64.42/-34.16
253,33,49,0,64.94/-32.59
254,33,50,0,65.46/-35.52
255,33,51,0,65.98/-33.91
256,33,52,1,66.50/-37.00
257,33,53,0,67.02/-35.36
258,33,54,1,67.54/-38.63
259,33,55,1,68.06/-36.94
260,33,56,1,68.58/-40.42
261,33,57,1,69.10/-38.69
262,33,58,1,69.62/-42.39
263,33,59,1,70.14/-40.63
264,33,60,1,70.66/-44.59
265,34,18,0,48.83/-21.45
266,34,19,0,49.35/-20.26
267,34,20,0,49.87/-21.91
268,34,21,0,50.39/-20.70
269,34,22,0,50.91/-22.40
270,34,23,0,51.43/-21.17
271,34,24,7,51.95/-22.91
272,34,25,7,52.47/-21.66
273,34,26,7,52.99/-23.46
274,34,27,7,53.51/-22.19
275,34,28,7,54.03/-24.05
276,34,29,7,54.55/-22.75
277,34,30,7,55.07/-24.67
278,34,31,7,55.59/-23.35
279,34,32,7,56.11/-25.34
280,34,33,7,56.63/-23.99
281,34,34,4,57.15/-26.05
282,34,35,7,57.67/-24.68
283,34,36,7,58.19/-26.81
284,34,37,7,58.71/-25.41
285,34,38,7,59.23/-27.63
286,34,39,7,59.75/-26.20
287,34,40,7,60.26/-28.50
288,34,41,7,60.78/-27.04
289,34,42,7,61.30/-29.45
290,34,43,7,61.82/-27.96
291,34,44,7,62.34/-30.47
292,34,45,7,62.86/-28.94
293,34,46,7,63.38/-31.57
294,34,47,0,63.90/-30.01
295,34,48,4,64.42/-32.77
296,34,49,0,64.94/-31.17
297,34,50,0,65.46/-34.07
298,34,51,0,65.98/-32.44
299,34,52,0,66.50/-35.49
300,34,53,0,67.02/-33.82
301,34,54,1,67.54/-37.05
302,34,55,1,68.06/-35.34
303,34,56,1,68.58/-38.77
304,34,57,1,69.10/-37.01
305,34,58,1,69.62/-40.66
306,34,59,1,70.14/-38.87
307,34,60,1,70.66/-42.77
308,34,61,1,71.18/-40.93
309,34,62,1,71.70/-45.12
310,35,16,3,47.79/-20.12
311,35,17,0,48.31/-18.94
312,35,18,3,48.83/-20.54
313,35,19,3,49.35/-19.34
314,35,20,0,49.87/-20.98
315,35,21,0,50.39/-19.76
316,35,22,0,50.91/-21.44
317,35,23,0,51.43/-20.20
318,35,24,7,51.95/-21.94
319,35,25,7,52.47/-20.68
320,35,26,7,52.99/-22.47
321,35,27,7,53.51/-21.18
322,35,28,7,54.03/-23.03
323,35,29,7,54.55/-21.72
324,35,30,7,55.07/-23.62
325,35,31,7,55.59/-22.29
326,35,32,7,56.11/-24.26
327,35,33,7,56.63/-22.90
328,35,34,4,57.15/-24.94
329,35,35,4,57.67/-23.56
330,35,36,7,58.19/-25.67
331,35,37,0,58.71/-24.26
332,35,38,7,59.23/-26.45
333,35,39,7,59.75/-25.01
334,35,40,7,60.26/-27.29
335,35,41,7,60.78/-25.82
336,35,42,7,61.30/-28.19
337,35,43,7,61.82/-26.69
338,35,44,7,62.34/-29.17
339,35,45,7,62.86/-27.63
340,35,46,7,63.38/-30.23
341,35,47,0,63.90/-28.65
342,35,48,4,64.42/-31.37
343,35,49,4,64.94/-29.75
344,35,50,0,65.46/-32.62
345,35,51,0,65.98/-30.96
346,35,52,0,66.50/-33.98
347,35,53,0,67.02/-32.28
348,35,54,1,67.54/-35.47
349,35,55,1,68.06/-33.73
350,35,56,1,68.58/-37.12
351,35,57,1,69.10/-35.33
352,35,58,1,69.62/-38.93
353,35,59,1,70.14/-37.10
354,35,60,1,70.66/-40.95
355,35,61,1,71.18/-39.07
356,35,62,1,71.70/-43.20
357,35,63,1,72.22/-41.27
358,35,64,1,72.74/-45.73
359,36,14,3,46.75/-18.85
360,36,15,3,47.27/-17.68
361,36,16,3,47.79/-19.23
362,36,17,0,48.31/-18.04
363,36,18,3,48.83/-19.62
364,36,19,3,49.35/-18.41
365,36,20,3,49.87/-20.04
366,36,21,3,50.39/-18.82
367,36,22,0,50.91/-20.49
368,36,23,0,51.43/-19.24
369,36,24,7,51.95/-20.96
370,36,25,7,52.47/-19.69
371,36,26,7,52.99/-21.47
372,36,27,7,53.51/-20.17
373,36,28,7,54.03/-22.00
374,36,29,7,54.55/-20.69
375,36,30,7,55.07/-22.57
376,36,31,7,55.59/-21.23
377,36,32,7,56.11/-23.18
378,36,33,7,56.63/-21.81
379,36,34,7,57.15/-23.83
380,36,35,4,57.67/-22.43
381,36,36,7,58.19/-24.53
382,36,37,0,58.71/-23.10
383,36,38,0,59.23/-25.27
384,36,39,7,59.75/-23.82
385,36,40,7,60.26/-26.08
386,36,41,7,60.78/-24.59
387,36,42,7,61.30/-26.94
388,36,43,7,61.82/-25.42
389,36,44,7,62.34/-27.87
390,36,45,7,62.86/-26.31
391,36,46,7,63.38/-28.88
392,36,47,0,63.90/-27.28
393,36,48,0,64.42/-29.98
394,36,49,4,64.94/-28.34
395,36,50,0,65.46/-31.17
396,36,51,0,65.98/-29.49
397,36,52,0,66.50/-32.47
398,36,53,0,67.02/-30.75
399,36,54,1,67.54/-33.90
400,36,55,0,68.06/-32.13
401,36,56,1,68.58/-35.47
402,36,57,1,69.10/-33.65
403,36,58,1,69.62/-37.20
404,36,59,1,70.14/-35.33
405,36,60,1,70.66/-39.13
406,36,61,1,71.18/-37.21
407,36,62,1,71.70/-41.28
408,36,63,1,72.22/-39.31
409,36,64,1,72.74/-43.70
410,36,65,1,73.26/-41.67
411,36,66,1,73.77/-46.43
412,37,12,3,45.72/-17.63
413,37,13,3,46.24/-16.47
414,37,14,3,46.75/-17.97
415,37,15,3,47.27/-16.79
416,37,16,3,47.79/-18.33
417,37,17,0,48.31/-17.13
418,37,18,3,48.83/-18.71
419,37,19,3,49.35/-17.49
420,37,20,3,49.87/-19.11
421,37,21,3,50.39/-17.88
422,37,22,3,50.91/-19.54
423,37,23,3,51.43/-18.28
424,37,24,7,51.95/-19.99
425,37,25,7,52.47/-18.71
426,37,26,7,52.99/-20.47
427,37,27,7,53.51/-19.17
428,37,28,7,54.03/-20.98
429,37,29,7,54.55/-19.65
430,37,30,7,55.07/-21.52
431,37,31,7,55.59/-20.17
432,37,32,7,56.11/-22.10
433,37,33,7,56.63/-20.72
434,37,34,7,57.15/-22.72
435,37,35,7,57.67/-21.31
436,37,36,0,58.19/-23.39
437,37,37,0,58.71/-21.95
438,37,38,0,59.23/-24.10
439,37,39,0,59.75/-22.63
440,37,40,4,60.26/-24.86
441,37,41,4,60.78/-23.36
442,37,42,7,61.30/-25.69
443,37,43,7,61.82/-24.14
444,37,44,7,62.34/-26.58
445,37,45,0,62.86/-25.00
446,37,46,0,63.38/-27.54
447,37,47,0,63.90/-25.92
448,37,48,0,64.42/-28.58
449,37,49,4,64.94/-26.92
450,37,50,0,65.46/-29.72
451,37,51,0,65.98/-28.01
452,37,52,0,66.50/-30.96
453,37,53,0,67.02/-29.21
454,37,54,0,67.54/-32.32
455,37,55,0,68.06/-30.52
456,37,56,1,68.58/-33.82
457,37,57,1,69.10/-31.97
458,37,58,1,69.62/-35.47
459,37,59,1,70.14/-33.57
460,37,60,1,70.66/-37.31
461,37,61,1,71.18/-35.35
462,37,62,1,71.70/-39.36
463,37,63,1,72.22/-37.34
464,37,64,1,72.74/-41.66
465,37,65,1,73.26/-39.59
466,37,66,1,73.77/-44.27
467,38,10,3,44.68/-16.47
468,38,11,3,45.20/-15.32
469,38,12,3,45.72/-16.77
470,38,13,3,46.24/-15.61
471,38,14,3,46.75/-17.10
472,38,15,3,47.27/-15.91
473,38,16,3,47.79/-17.44
474,38,17,0,48.31/-16.23
475,38,18,0,48.83/-17.80
476,38,19,0,49.35/-16.57
477,38,20,3,49.87/-18.18
478,38,21,3,50.39/-16.93
479,38,22,3,50.91/-18.58
480,38,23,3,51.43/-17.32
481,38,24,3,51.95/-19.01
482,38,25,3,52.47/-17.72
483,38,26,7,52.99/-19.47
484,38,27,7,53.51/-18.16
485,38,28,7,54.03/-19.96
486,38,29,7,54.55/-18.62
487,38,30,7,55.07/-20.47
488,38,31,7,55.59/-19.11
489,38,32,7,56.11/-21.03
490,38,33,7,56.63/-19.63
491,38,34,7,57.15/-21.61
492,38,35,0,57.67/-20.19
493,38,36,4,58.19/-22.25
494,38,37,0,58.71/-20.79
495,38,38,0,59.23/-22.92
496,38,39,0,59.75/-21.44
497,38,40,0,60.26/-23.65
498,38,41,7,60.78/-22.13
499,38,42,4,61.30/-24.43
500,38,43,7,61.82/-22.87
501,38,44,7,62.34/-25.28
502,38,45,0,62.86/-23.68
503,38,46,0,63.38/-26.20
504,38,47,0,63.90/-24.55
505,38,48,0,64.42/-27.19
506,38,49,0,64.94/-25.50
507,38,50,4,65.46/-28.27
508,38,51,0,65.98/-26.54
509,38,52,0,66.50/-29.45
510,38,53,0,67.02/-27.67
511,38,54,0,67.54/-30.74
512,38,55,0,68.06/-28.91
513,38,56,1,68.58/-32.17
514,38,57,0,69.10/-30.28
515,38,58,1,69.62/-33.74
516,38,59,1,70.14/-31.80
517,38,60,1,70.66/-35.49
518,38,61,1,71.18/-33.49
519,38,62,1,71.70/-37.44
520,38,63,1,72.22/-35.38
521,38,64,1,72.74/-39.63
522,38,65,1,73.26/-37.50
523,38,66,1,73.77/-42.11
524,38,67,1,74.29/-39.92
525,38,68,1,74.81/-44.94
526,39,8,0,43.64/-15.35
527,39,9,3,44.16/-14.21
528,39,10,3,44.68/-15.62
529,39,11,3,45.20/-14.47
530,39,12,3,45.72/-15.91
531,39,13,3,46.24/-14.74
532,39,14,3,46.75/-16.22
533,39,15,3,47.27/-15.03
534,39,16,3,47.79/-16.54
535,39,17,0,48.31/-15.33
536,39,18,0,48.83/-16.88
537,39,19,0,49.35/-15.65
538,39,20,0,49.87/-17.25
539,39,21,0,50.39/-15.99
540,39,22,3,50.91/-17.63
541,39,23,3,51.43/-16.36
542,39,24,3,51.95/-18.04
543,39,25,3,52.47/-16.74
544,39,26,3,52.99/-18.47
545,39,27,3,53.51/-17.15
546,39,28,7,54.03/-18.93
547,39,29,7,54.55/-17.58
548,39,30,7,55.07/-19.42
549,39,31,7,55.59/-18.05
550,39,32,7,56.11/-19.95
551,39,33,7,56.63/-18.54
552,39,34,0,57.15/-20.51
553,39,35,0,57.67/-19.07
554,39,36,4,58.19/-21.11
555,39,37,0,58.71/-19.64
556,39,38,0,59.23/-21.75
557,39,39,0,59.75/-20.24
558,39,40,0,60.26/-22.44
559,39,41,0,60.78/-20.90
560,39,42,4,61.30/-23.18
561,39,43,4,61.82/-21.60
562,39,44,4,62.34/-23.98
563,39,45,4,62.86/-22.37
564,39,46,4,63.38/-24.85
565,39,47,4,63.90/-23.19
566,39,48,4,64.42/-25.79
567,39,49,0,64.94/-24.09
568,39,50,4,65.46/-26.82
569,39,51,4,65.98/-25.06
570,39,52,0,66.50/-27.94
571,39,53,0,67.02/-26.13
572,39,54,0,67.54/-29.17
573,39,55,0,68.06/-27.31
574,39,56,1,68.58/-30.52
575,39,57,0,69.10/-28.60
576,39,58,1,69.62/-32.01
577,39,59,1,70.14/-30.03
578,39,60,1,70.66/-33.67
579,39,61,1,71.18/-31.63
580,39,62,1,71.70/-35.52
581,39,63,1,72.22/-33.41
582,39,64,1,72.74/-37.60
583,39,65,1,73.26/-35.42
584,39,66,1,73.77/-39.95
585,39,67,1,74.29/-37.70
586,39,68,1,74.81/-42.63
587,39,69,1,75.33/-40.31
588,39,70,1,75.85/-45.71
589,40,6,0,42.60/-14.27
590,40,7,0,43.12/-13.14
591,40,8,0,43.64/-14.52
592,40,9,3,44.16/-13.37
593,40,10,3,44.68/-14.78
594,40,11,3,45.20/-13.62
595,40,12,3,45.72/-15.05
596,40,13,3,46.24/-13.87
597,40,14,3,46.75/-15.34
598,40,15,3,47.27/-14.14
599,40,16,3,47.79/-15.65
600,40,17,0,48.31/-14.43
601,40,18,0,48.83/-15.97
602,40,19,0,49.35/-14.73
603,40,20,0,49.87/-16.31
604,40,21,0,50.39/-15.05
605,40,22,0,50.91/-16.68
606,40,23,0,51.43/-15.39
607,40,24,3,51.95/-17.06
608,40,25,3,52.47/-15.75
609,40,26,3,52.99/-17.47
610,40,27,3,53.51/-16.14
611,40,28,3,54.03/-17.91
612,40,29,3,54.55/-16.55
613,40,30,7,55.07/-18.37
614,40,31,7,55.59/-16.98
615,40,32,7,56.11/-18.87
616,40,33,7,56.63/-17.45
617,40,34,0,57.15/-19.40
618,40,35,0,57.67/-17.95
619,40,36,4,58.19/-19.96
620,40,37,4,58.71/-18.48
621,40,38,0,59.23/-20.57
622,40,39,0,59.75/-19.05
623,40,40,0,60.26/-21.22
624,40,41,0,60.78/-19.67
625,40,42,0,61.30/-21.93
626,40,43,0,61.82/-20.33
627,40,44,0,62.34/-22.69
628,40,45,0,62.86/-21.05
629,40,46,0,63.38/-23.51
630,40,47,0,63.90/-21.83
631,40,48,0,64.42/-24.40
632,40,49,0,64.94/-22.67
633,40,50,0,65.46/-25.37
634,40,51,0,65.98/-23.59
635,40,52,4,66.50/-26.43
636,40,53,4,67.02/-24.60
637,40,54,0,67.54/-27.59
638,40,55,0,68.06/-25.70
639,40,56,0,68.58/-28.87
640,40,57,0,69.10/-26.92
641,40,58,1,69.62/-30.28
642,40,59,1,70.14/-28.27
643,40,60,1,70.66/-31.85
644,40,61,1,71.18/-29.77
645,40,62,1,71.70/-33.60
646,40,63,1,72.22/-31.45
647,40,64,1,72.74/-35.57
648,40,65,1,73.26/-33.34
649,40,66,1,73.77/-37.79
650,40,67,1,74.29/-35.48
651,40,68,1,74.81/-40.33
652,40,69,1,75.33/-37.94
653,40,70,1,75.85/-43.24
654,40,71,1,76.37/-40.77
655,40,72,1,76.89/-46.63
656,41,4,0,41.56/-13.24
657,41,5,0,42.08/-12.12
658,41,6,0,42.60/-13.46
659,41,7,0,43.12/-12.32
660,41,8,0,43.64/-13.69
661,41,9,3,44.16/-12.54
662,41,10,3,44.68/-13.93
663,41,11,3,45.20/-12.76
664,41,12,3,45.72/-14.19
665,41,13,3,46.24/-13.00
666,41,14,3,46.75/-14.47
667,41,15,3,47.27/-13.26
668,41,16,3,47.79/-14.75
669,41,17,0,48.31/-13.53
670,41,18,0,48.83/-15.06
671,41,19,0,49.35/-13.81
672,41,20,0,49.87/-15.38
673,41,21,0,50.39/-14.11
674,41,22,0,50.91/-15.72
675,41,23,0,51.43/-14.43
676,41,24,0,51.95/-16.09
677,41,25,7,52.47/-14.77
678,41,26,3,52.99/-16.47
679,41,27,3,53.51/-15.13
680,41,28,3,54.03/-16.89
681,41,29,3,54.55/-15.51
682,41,30,3,55.07/-17.32
683,41,31,3,55.59/-15.92
684,41,32,7,56.11/-17.79
685,41,33,7,56.63/-16.36
686,41,34,0,57.15/-18.29
687,41,35,0,57.67/-16.83
688,41,36,0,58.19/-18.82
689,41,37,4,58.71/-17.33
690,41,38,0,59.23/-19.40
691,41,39,0,59.75/-17.86
692,41,40,0,60.26/-20.01
693,41,41,0,60.78/-18.44
694,41,42,0,61.30/-20.67
695,41,43,0,61.82/-19.06
696,41,44,0,62.34/-21.39
697,41,45,0,62.86/-19.73
698,41,46,0,63.38/-22.16
699,41,47,0,63.90/-20.46
700,41,48,0,64.42/-23.01
701,41,49,1,64.94/-21.25
702,41,50,0,65.46/-23.92
703,41,51,1,65.98/-22.12
704,41,52,0,66.50/-24.92
705,41,53,4,67.02/-23.06
706,41,54,0,67.54/-26.01
707,41,55,0,68.06/-24.09
708,41,56,0,68.58/-27.22
709,41,57,0,69.10/-25.24
710,41,58,1,69.62/-28.55
711,41,59,1,70.14/-26.50
712,41,60,1,70.66/-30.03
713,41,61,1,71.18/-27.91
714,41,62,1,71.70/-31.68
715,41,63,1,72.22/-29.48
716,41,64,1,72.74/-33.53
717,41,65,1,73.26/-31.25
718,41,66,1,73.77/-35.63
719,41,67,1,74.29/-33.27
720,41,68,1,74.81/-38.02
721,41,69,1,75.33/-35.57
722,41,70,1,75.85/-40.77
723,41,71,1,76.37/-38.22
724,41,72,1,76.89/-43.96
725,42,2,0,40.52/-12.24
726,42,3,0,41.04/-11.13
727,42,4,0,41.56/-12.44
728,42,5,0,42.08/-11.31
729,42,6,0,42.60/-12.64
730,42,7,0,43.12/-11.50
731,42,8,0,43.64/-12.86
732,42,9,3,44.16/-11.70
733,42,10,3,44.68/-13.09
734,42,11,3,45.20/-11.91
735,42,12,3,45.72/-13.33
736,42,13,3,46.24/-12.14
737,42,14,3,46.75/-13.59
738,42,15,3,47.27/-12.37
739,42,16,3,47.79/-13.86
740,42,17,0,48.31/-12.63
741,42,18,0,48.83/-14.15
742,42,19,0,49.35/-12.89
743,42,20,0,49.87/-14.45
744,42,21,0,50.39/-13.17
745,42,22,0,50.91/-14.77
746,42,23,0,51.43/-13.47
747,42,24,0,51.95/-15.11
748,42,25,0,52.47/-13.79
749,42,26,7,52.99/-15.48
750,42,27,7,53.51/-14.12
751,42,28,3,54.03/-15.86
752,42,29,3,54.55/-14.48
753,42,30,3,55.07/-16.27
754,42,31,3,55.59/-14.86
755,42,32,3,56.11/-16.71
756,42,33,3,56.63/-15.27
757,42,34,0,57.15/-17.18
758,42,35,0,57.67/-15.70
759,42,36,0,58.19/-17.68
760,42,37,0,58.71/-16.17
761,42,38,4,59.23/-18.22
762,42,39,0,59.75/-16.67
763,42,40,0,60.26/-18.80
764,42,41,0,60.78/-17.21
765,42,42,0,61.30/-19.42
766,42,43,0,61.82/-17.79
767,42,44,0,62.34/-20.09
768,42,45,0,62.86/-18.42
769,42,46,0,63.38/-20.82
770,42,47,0,63.90/-19.10
771,42,48,0,64.42/-21.61
772,42,49,1,64.94/-19.84
773,42,50,1,65.46/-22.47
774,42,51,1,65.98/-20.64
775,42,52,1,66.50/-23.41
776,42,53,1,67.02/-21.52
777,42,54,4,67.54/-24.44
778,42,55,0,68.06/-22.49
779,42,56,0,68.58/-25.57
780,42,57,0,69.10/-23.55
781,42,58,1,69.62/-26.82
782,42,59,0,70.14/-24.73
783,42,60,1,70.66/-28.21
784,42,61,1,71.18/-26.05
785,42,62,1,71.70/-29.76
786,42,63,1,72.22/-27.52
787,42,64,1,72.74/-31.50
788,42,65,1,73.26/-29.17
789,42,66,1,73.77/-33.47
790,42,67,1,74.29/-31.05
791,42,68,1,74.81/-35.72
792,42,69,1,75.33/-33.20
793,42,70,1,75.85/-38.30
794,42,71,1,76.37/-35.68
795,42,72,1,76.89/-41.30
796,42,73,1,77.41/-38.57
797,42,74,1,77.93/-44.82
798,43,1,0,40.00/-10.17
799,43,2,2,40.52/-11.45
800,43,3,2,41.04/-10.33
801,43,4,0,41.56/-11.63
802,43,5,0,42.08/-10.50
803,43,6,0,42.60/-11.83
804,43,7,0,43.12/-10.68
805,43,8,0,43.64/-12.03
806,43,9,3,44.16/-10.87
807,43,10,3,44.68/-12.25
808,43,11,3,45.20/-11.06
809,43,12,3,45.72/-12.47
810,43,13,3,46.24/-11.27
811,43,14,3,46.75/-12.71
812,43,15,3,47.27/-11.49
813,43,16,3,47.79/-12.97
814,43,17,0,48.31/-11.72
815,43,18,0,48.83/-13.23
816,43,19,0,49.35/-11.97
817,43,20,0,49.87/-13.52
818,43,21,0,50.39/-12.23
819,43,22,0,50.91/-13.82
820,43,23,0,51.43/-12.51
821,43,24,0,51.95/-14.14
822,43,25,0,52.47/-12.80
823,43,26,7,52.99/-14.48
824,43,27,0,53.51/-13.11
825,43,28,7,54.03/-14.84
826,43,29,7,54.55/-13.45
827,43,30,3,55.07/-15.22
828,43,31,3,55.59/-13.80
829,43,32,3,56.11/-15.63
830,43,33,3,56.63/-14.18
831,43,34,3,57.15/-16.07
832,43,35,3,57.67/-14.58
833,43,36,0,58.19/-16.54
834,43,37,0,58.71/-15.02
835,43,38,4,59.23/-17.05
836,43,39,4,59.75/-15.48
837,43,40,0,60.26/-17.59
838,43,41,0,60.78/-15.98
839,43,42,0,61.30/-18.17
840,43,43,0,61.82/-16.52
841,43,44,0,62.34/-18.80
842,43,45,0,62.86/-17.10
843,43,46,0,63.38/-19.48
844,43,47,0,63.90/-17.73
845,43,48,0,64.42/-20.22
846,43,49,1,64.94/-18.42
847,43,50,1,65.46/-21.02
848,43,51,1,65.98/-19.17
849,43,52,1,66.50/-21.90
850,43,53,1,67.02/-19.98
851,43,54,4,67.54/-22.86
852,43,55,4,68.06/-20.88
853,43,56,0,68.58/-23.92
854,43,57,0,69.10/-21.87
855,43,58,0,69.62/-25.09
856,43,59,0,70.14/-22.97
857,43,60,1,70.66/-26.39
858,43,61,1,71.18/-24.19
859,43,62,1,71.70/-27.84
860,43,63,1,72.22/-25.55
861,43,64,1,72.74/-29.47
862,43,65,1,73.26/-27.09
863,43,66,1,73.77/-31.31
864,43,67,1,74.29/-28.83
865,43,68,1,74.81/-33.41
866,43,69,1,75.33/-30.83
867,43,70,1,75.85/-35.83
868,43,71,1,76.37/-33.13
869,43,72,1,76.89/-38.63
870,43,73,1,77.41/-35.81
871,43,74,1,77.93/-41.93
872,43,75,1,78.45/-38.99
873,43,76,1,78.97/-45.86
874,44,1,1,40.00/-09.39
875,44,2,2,40.52/-10.66
876,44,3,2,41.04/-09.54
877,44,4,2,41.56/-10.83
878,44,5,2,42.08/-09.69
879,44,6,0,42.60/-11.01
880,44,7,2,43.12/-09.86
881,44,8,0,43.64/-11.20
882,44,9,3,44.16/-10.03
883,44,10,3,44.68/-11.40
884,44,11,3,45.20/-10.21
885,44,12,3,45.72/-11.61
886,44,13,3,46.24/-10.40
887,44,14,3,46.75/-11.84
888,44,15,3,47.27/-10.61
889,44,16,3,47.79/-12.07
890,44,17,0,48.31/-10.82
891,44,18,0,48.83/-12.32
892,44,19,0,49.35/-11.05
893,44,20,0,49.87/-12.59
894,44,21,2,50.39/-11.29
895,44,22,0,50.91/-12.87
896,44,23,2,51.43/-11.55
897,44,24,0,51.95/-13.16
898,44,25,2,52.47/-11.82
899,44,26,0,52.99/-13.48
900,44,27,2,53.51/-12.10
901,44,28,0,54.03/-13.82
902,44,29,7,54.55/-12.41
903,44,30,7,55.07/-14.17
904,44,31,7,55.59/-12.74
905,44,32,3,56.11/-14.56
906,44,33,3,56.63/-13.09
907,44,34,3,57.15/-14.96
908,44,35,3,57.67/-13.46
909,44,36,3,58.19/-15.40
910,44,37,3,58.71/-13.86
911,44,38,0,59.23/-15.87
912,44,39,4,59.75/-14.29
913,44,40,0,60.26/-16.37
914,44,41,0,60.78/-14.75
915,44,42,0,61.30/-16.92
916,44,43,0,61.82/-15.25
917,44,44,0,62.34/-17.50
918,44,45,0,62.86/-15.79
919,44,46,0,63.38/-18.13
920,44,47,0,63.90/-16.37
921,44,48,0,64.42/-18.82
922,44,49,1,64.94/-17.00
923,44,50,1,65.46/-19.57
924,44,51,1,65.98/-17.69
925,44,52,0,66.50/-20.39
926,44,53,1,67.02/-18.45
927,44,54,0,67.54/-21.28
928,44,55,0,68.06/-19.28
929,44,56,4,68.58/-22.27
930,44,57,7,69.10/-20.19
931,44,58,0,69.62/-23.36
932,44,59,0,70.14/-21.20
933,44,60,1,70.66/-24.57
934,44,61,0,71.18/-22.32
935,44,62,1,71.70/-25.92
936,44,63,1,72.22/-23.58
937,44,64,1,72.74/-27.44
938,44,65,1,73.26/-25.00
939,44,66,1,73.77/-29.15
940,44,67,1,74.29/-26.61
941,44,68,1,74.81/-31.11
942,44,69,1,75.33/-28.45
943,44,70,1,75.85/-33.36
944,44,71,1,76.37/-30.58
945,44,72,1,76.89/-35.97
946,44,73,1,77.41/-33.06
947,44,74,1,77.93/-39.04
948,44,75,1,78.45/-35.99
949,44,76,1,78.97/-42.69
950,45,1,1,40.00/-08.61
951,45,2,0,40.52/-09.87
952,45,3,1,41.04/-08.74
953,45,4,2,41.56/-10.03
954,45,5,2,42.08/-08.89
955,45,6,0,42.60/-10.20
956,45,7,2,43.12/-09.04
957,45,8,0,43.64/-10.37
958,45,9,3,44.16/-09.19
959,45,10,3,44.68/-10.56
960,45,11,3,45.20/-09.36
961,45,12,3,45.72/-10.75
962,45,13,3,46.24/-09.54
963,45,14,3,46.75/-10.96
964,45,15,3,47.27/-09.72
965,45,16,3,47.79/-11.18
966,45,17,0,48.31/-09.92
967,45,18,0,48.83/-11.41
968,45,19,0,49.35/-10.13
969,45,20,2,49.87/-11.65
970,45,21,2,50.39/-10.35
971,45,22,2,50.91/-11.91
972,45,23,2,51.43/-10.58
973,45,24,2,51.95/-12.19
974,45,25,2,52.47/-10.83
975,45,26,2,52.99/-12.48
976,45,27,2,53.51/-11.10
977,45,28,0,54.03/-12.79
978,45,29,0,54.55/-11.38
979,45,30,0,55.07/-13.12
980,45,31,0,55.59/-11.68
981,45,32,0,56.11/-13.48
982,45,33,0,56.63/-12.00
983,45,34,3,57.15/-13.86
984,45,35,3,57.67/-12.34
985,45,36,3,58.19/-14.26
986,45,37,3,58.71/-12.71
987,45,38,3,59.23/-14.69
988,45,39,3,59.75/-13.10
989,45,40,4,60.26/-15.16
990,45,41,0,60.78/-13.52
991,45,42,0,61.30/-15.66
992,45,43,0,61.82/-13.98
993,45,44,0,62.34/-16.20
994,45,45,0,62.86/-14.47
995,45,46,0,63.38/-16.79
996,45,47,0,63.90/-15.01
997,45,48,0,64.42/-17.43
998,45,49,0,64.94/-15.59
999,45,50,1,65.46/-18.12
1000,45,51,1,65.98/-16.22
1001,45,52,1,66.50/-18.88
1002,45,53,1,67.02/-16.91
1003,45,54,0,67.54/-19.71
1004,45,55,0,68.06/-17.67
1005,45,56,4,68.58/-20.62
1006,45,57,4,69.10/-18.51
1007,45,58,0,69.62/-21.63
1008,45,59,7,70.14/-19.43
1009,45,60,4,70.66/-22.75
1010,45,61,0,71.18/-20.46
1011,45,62,1,71.70/-24.00
1012,45,63,0,72.22/-21.62
1013,45,64,1,72.74/-25.40
1014,45,65,0,73.26/-22.92
1015,45,66,1,73.77/-26.99
1016,45,67,1,74.29/-24.40
1017,45,68,1,74.81/-28.80
1018,45,69,1,75.33/-26.08
1019,45,70,1,75.85/-30.88
1020,45,71,1,76.37/-28.03
1021,45,72,1,76.89/-33.30
1022,45,73,1,77.41/-30.30
1023,45,74,1,77.93/-36.14
1024,45,75,1,78.45/-32.99
1025,45,76,1,78.97/-39.53
1026,46,1,1,40.00/-07.83
1027,46,2,1,40.52/-09.08
1028,46,3,1,41.04/-07.95
1029,46,4,1,41.56/-09.23
1030,46,5,1,42.08/-08.08
1031,46,6,2,42.60/-09.38
1032,46,7,1,43.12/-08.21
1033,46,8,0,43.64/-09.54
1034,46,9,2,44.16/-08.36
1035,46,10,2,44.68/-09.71
1036,46,11,3,45.20/-08.51
1037,46,12,2,45.72/-09.89
1038,46,13,3,46.24/-08.67
1039,46,14,3,46.75/-10.08
1040,46,15,2,47.27/-08.84
1041,46,16,3,47.79/-10.28
1042,46,17,0,48.31/-09.02
1043,46,18,0,48.83/-10.50
1044,46,19,0,49.35/-09.21
1045,46,20,2,49.87/-10.72
1046,46,21,0,50.39/-09.41
1047,46,22,2,50.91/-10.96
1048,46,23,0,51.43/-09.62
1049,46,24,2,51.95/-11.21
1050,46,25,0,52.47/-09.85
1051,46,26,2,52.99/-11.48
1052,46,27,1,53.51/-10.09
1053,46,28,0,54.03/-11.77
1054,46,29,1,54.55/-10.34
1055,46,30,0,55.07/-12.07
1056,46,31,0,55.59/-10.62
1057,46,32,0,56.11/-12.40
1058,46,33,0,56.63/-10.91
1059,46,34,0,57.15/-12.75
1060,46,35,0,57.67/-11.22
1061,46,36,3,58.19/-13.12
1062,46,37,3,58.71/-11.55
1063,46,38,3,59.23/-13.52
1064,46,39,3,59.75/-11.91
1065,46,40,3,60.26/-13.95
1066,46,41,3,60.78/-12.29
1067,46,42,0,61.30/-14.41
1068,46,43,0,61.82/-12.71
1069,46,44,0,62.34/-14.91
1070,46,45,0,62.86/-13.16
1071,46,46,0,63.38/-15.45
1072,46,47,0,63.90/-13.64
1073,46,48,0,64.42/-16.03
1074,46,49,0,64.94/-14.17
1075,46,50,1,65.46/-16.67
1076,46,51,1,65.98/-14.74
1077,46,52,1,66.50/-17.37
1078,46,53,7,67.02/-15.37
1079,46,54,0,67.54/-18.13
1080,46,55,7,68.06/-16.06
1081,46,56,7,68.58/-18.97
1082,46,57,4,69.10/-16.82
1083,46,58,7,69.62/-19.90
1084,46,59,7,70.14/-17.67
1085,46,60,7,70.66/-20.93
1086,46,61,7,71.18/-18.60
1087,46,62,7,71.70/-22.08
1088,46,63,7,72.22/-19.65
1089,46,64,1,72.74/-23.37
1090,46,65,0,73.26/-20.84
1091,46,66,0,73.77/-24.83
1092,46,67,0,74.29/-22.18
1093,46,68,1,74.81/-26.50
1094,46,69,1,75.33/-23.71
1095,46,70,1,75.85/-28.41
1096,46,71,1,76.37/-25.48
1097,46,72,1,76.89/-30.64
1098,46,73,1,77.41/-27.55
1099,46,74,1,77.93/-33.25
1100,46,75,1,78.45/-29.99
1101,46,76,1,78.97/-36.37
1102,47,1,1,40.00/-07.04
1103,47,2,1,40.52/-08.29
1104,47,3,1,41.04/-07.15
1105,47,4,1,41.56/-08.42
1106,47,5,1,42.08/-07.27
1107,47,6,2,42.60/-08.56
1108,47,7,1,43.12/-07.39
1109,47,8,1,43.64/-08.71
1110,47,9,2,44.16/-07.52
1111,47,10,2,44.68/-08.87
1112,47,11,2,45.20/-07.66
1113,47,12,2,45.72/-09.03
1114,47,13,2,46.24/-07.80
1115,47,14,2,46.75/-09.21
1116,47,15,2,47.27/-07.96
1117,47,16,2,47.79/-09.39
1118,47,17,2,48.31/-08.12
1119,47,18,0,48.83/-09.58
1120,47,19,0,49.35/-08.29
1121,47,20,0,49.87/-09.79
1122,47,21,0,50.39/-08.47
1123,47,22,0,50.91/-10.01
1124,47,23,0,51.43/-08.66
1125,47,24,0,51.95/-10.24
1126,47,25,0,52.47/-08.86
1127,47,26,1,52.99/-10.48
1128,47,27,1,53.51/-09.08
1129,47,28,0,54.03/-10.74
1130,47,29,1,54.55/-09.31
1131,47,30,0,55.07/-11.02
1132,47,31,0,55.59/-09.55
1133,47,32,0,56.11/-11.32
1134,47,33,0,56.63/-09.82
1135,47,34,0,57.15/-11.64
1136,47,35,0,57.67/-10.10
1137,47,36,0,58.19/-11.98
1138,47,37,0,58.71/-10.40
1139,47,38,3,59.23/-12.34
1140,47,39,3,59.75/-10.72
1141,47,40,3,60.26/-12.73
1142,47,41,3,60.78/-11.06
1143,47,42,3,61.30/-13.16
1144,47,43,3,61.82/-11.44
1145,47,44,0,62.34/-13.61
1146,47,45,0,62.86/-11.84
1147,47,46,0,63.38/-14.10
1148,47,47,0,63.90/-12.28
1149,47,48,0,64.42/-14.64
1150,47,49,0,64.94/-12.75
1151,47,50,0,65.46/-15.22
1152,47,51,0,65.98/-13.27
1153,47,52,1,66.50/-15.86
1154,47,53,7,67.02/-13.84
1155,47,54,7,67.54/-16.55
1156,47,55,7,68.06/-14.46
1157,47,56,7,68.58/-17.32
1158,47,57,7,69.10/-15.14
1159,47,58,7,69.62/-18.17
1160,47,59,7,70.14/-15.90
1161,47,60,7,70.66/-19.11
1162,47,61,7,71.18/-16.74
1163,47,62,7,71.70/-20.16
1164,47,63,7,72.22/-17.69
1165,47,64,7,72.74/-21.34
1166,47,65,0,73.26/-18.75
1167,47,66,0,73.77/-22.67
1168,47,67,0,74.29/-19.96
1169,47,68,1,74.81/-24.19
1170,47,69,0,75.33/-21.34
1171,47,70,1,75.85/-25.94
1172,47,71,1,76.37/-22.93
1173,47,72,1,76.89/-27.97
1174,47,73,1,77.41/-24.79
1175,47,74,1,77.93/-30.36
1176,47,75,1,78.45/-26.99
1177,47,76,1,78.97/-33.20
1178,48,1,1,40.00/-06.26
1179,48,2,1,40.52/-07.50
1180,48,3,1,41.04/-06.36
1181,48,4,1,41.56/-07.62
1182,48,5,1,42.08/-06.46
1183,48,6,1,42.60/-07.75
1184,48,7,1,43.12/-06.57
1185,48,8,1,43.64/-07.88
1186,48,9,1,44.16/-06.69
1187,48,10,3,44.68/-08.02
1188,48,11,2,45.20/-06.81
1189,48,12,3,45.72/-08.17
1190,48,13,2,46.24/-06.94
1191,48,14,2,46.75/-08.33
1192,48,15,0,47.27/-07.07
1193,48,16,2,47.79/-08.49
1194,48,17,2,48.31/-07.21
1195,48,18,0,48.83/-08.67
1196,48,19,0,49.35/-07.37
1197,48,20,0,49.87/-08.86
1198,48,21,0,50.39/-07.53
1199,48,22,0,50.91/-09.05
1200,48,23,0,51.43/-07.70
1201,48,24,0,51.95/-09.26
1202,48,25,0,52.47/-07.88
1203,48,26,1,52.99/-09.48
1204,48,27,1,53.51/-08.07
1205,48,28,1,54.03/-09.72
1206,48,29,1,54.55/-08.27
1207,48,30,1,55.07/-09.97
1208,48,31,1,55.59/-08.49
1209,48,32,0,56.11/-10.24
1210,48,33,0,56.63/-08.73
1211,48,34,0,57.15/-10.53
1212,48,35,0,57.67/-08.97
1213,48,36,0,58.19/-10.84
1214,48,37,0,58.71/-09.24
1215,48,38,0,59.23/-11.17
1216,48,39,0,59.75/-09.53
1217,48,40,3,60.26/-11.52
1218,48,41,3,60.78/-09.83
1219,48,42,3,61.30/-11.90
1220,48,43,3,61.82/-10.17
1221,48,44,3,62.34/-12.31
1222,48,45,3,62.86/-10.52
1223,48,46,0,63.38/-12.76
1224,48,47,0,63.90/-10.91
1225,48,48,4,64.42/-13.24
1226,48,49,0,64.94/-11.34
1227,48,50,0,65.46/-13.77
1228,48,51,0,65.98/-11.80
1229,48,52,0,66.50/-14.35
1230,48,53,0,67.02/-12.30
1231,48,54,7,67.54/-14.98
1232,48,55,7,68.06/-12.85
1233,48,56,7,68.58/-15.67
1234,48,57,7,69.10/-13.46
1235,48,58,7,69.62/-16.44
1236,48,59,7,70.14/-14.13
1237,48,60,7,70.66/-17.29
1238,48,61,7,71.18/-14.88
1239,48,62,7,71.70/-18.24
1240,48,63,7,72.22/-15.72
1241,48,64,7,72.74/-19.30
1242,48,65,0,73.26/-16.67
1243,48,66,0,73.77/-20.51
1244,48,67,0,74.29/-17.74
1245,48,68,1,74.81/-21.89
1246,48,69,0,75.33/-18.97
1247,48,70,1,75.85/-23.47
1248,48,71,0,76.37/-20.39
1249,48,72,1,76.89/-25.31
1250,48,73,1,77.41/-22.04
1251,48,74,1,77.93/-27.47
1252,48,75,1,78.45/-23.99
1253,48,76,1,78.97/-30.04
1254,49,1,1,40.00/-05.48
1255,49,2,1,40.52/-06.71
1256,49,3,1,41.04/-05.56
1257,49,4,1,41.56/-06.82
1258,49,5,1,42.08/-05.65
1259,49,6,1,42.60/-06.93
1260,49,7,1,43.12/-05.75
1261,49,8,1,43.64/-07.05
1262,49,9,1,44.16/-05.85
1263,49,10,0,44.68/-07.18
1264,49,11,0,45.20/-05.96
1265,49,12,0,45.72/-07.31
1266,49,13,0,46.24/-06.07
1267,49,14,0,46.75/-07.45
1268,49,15,0,47.27/-06.19
1269,49,16,0,47.79/-07.60
1270,49,17,2,48.31/-06.31
1271,49,18,2,48.83/-07.76
1272,49,19,2,49.35/-06.45
1273,49,20,0,49.87/-07.92
1274,49,21,0,50.39/-06.59
1275,49,22,0,50.91/-08.10
1276,49,23,2,51.43/-06.73
1277,49,24,0,51.95/-08.29
1278,49,25,0,52.47/-06.89
1279,49,26,0,52.99/-08.49
1280,49,27,1,53.51/-07.06
1281,49,28,1,54.03/-08.70
1282,49,29,1,54.55/-07.24
1283,49,30,1,55.07/-08.92
1284,49,31,1,55.59/-07.43
1285,49,32,1,56.11/-09.16
1286,49,33,0,56.63/-07.63
1287,49,34,0,57.15/-09.42
1288,49,35,0,57.67/-07.85
1289,49,36,0,58.19/-09.70
1290,49,37,0,58.71/-08.09
1291,49,38,0,59.23/-09.99
1292,49,39,0,59.75/-08.34
1293,49,40,0,60.26/-10.31
1294,49,41,0,60.78/-08.61
1295,49,42,3,61.30/-10.65
1296,49,43,3,61.82/-08.90
1297,49,44,3,62.34/-11.02
1298,49,45,3,62.86/-09.21
1299,49,46,0,63.38/-11.42
1300,49,47,4,63.90/-09.55
1301,49,48,4,64.42/-11.85
1302,49,49,0,64.94/-09.92
1303,49,50,0,65.46/-12.32
1304,49,51,0,65.98/-10.32
1305,49,52,0,66.50/-12.84
1306,49,53,0,67.02/-10.76
1307,49,54,7,67.54/-13.40
1308,49,55,7,68.06/-11.24
1309,49,56,7,68.58/-14.02
1310,49,57,7,69.10/-11.78
1311,49,58,7,69.62/-14.71
1312,49,59,7,70.14/-12.37
1313,49,60,7,70.66/-15.47
1314,49,61,7,71.18/-13.02
1315,49,62,7,71.70/-16.32
1316,49,63,7,72.22/-13.76
1317,49,64,7,72.74/-17.27
1318,49,65,0,73.26/-14.59
1319,49,66,0,73.77/-18.35
1320,49,67,0,74.29/-15.52
1321,49,68,0,74.81/-19.58
1322,49,69,0,75.33/-16.60
1323,49,70,0,75.85/-21.00
1324,49,71,0,76.37/-17.84
1325,49,72,1,76.89/-22.64
1326,49,73,0,77.41/-19.28
1327,49,74,1,77.93/-24.57
1328,49,75,1,78.45/-20.99
1329,49,76,1,78.97/-26.88
1330,50,1,1,40.00/-04.70
1331,50,2,1,40.52/-05.92
1332,50,3,1,41.04/-04.77
1333,50,4,1,41.56/-06.02
1334,50,5,1,42.08/-04.85
1335,50,6,1,42.60/-06.12
1336,50,7,1,43.12/-04.93
1337,50,8,1,43.64/-06.22
1338,50,9,1,44.16/-05.01
1339,50,10,0,44.68/-06.33
1340,50,11,0,45.20/-05.11
1341,50,12,0,45.72/-06.45
1342,50,13,0,46.24/-05.20
1343,50,14,0,46.75/-06.57
1344,50,15,0,47.27/-05.30
1345,50,16,0,47.79/-06.71
1346,50,17,2,48.31/-05.41
1347,50,18,2,48.83/-06.84
1348,50,19,2,49.35/-05.52
1349,50,20,0,49.87/-06.99
1350,50,21,2,50.39/-05.64
1351,50,22,2,50.91/-07.15
1352,50,23,2,51.43/-05.77
1353,50,24,0,51.95/-07.31
1354,50,25,0,52.47/-05.91
1355,50,26,0,52.99/-07.49
1356,50,27,0,53.51/-06.05
1357,50,28,1,54.03/-07.67
1358,50,29,0,54.55/-06.21
1359,50,30,1,55.07/-07.87
1360,50,31,0,55.59/-06.37
1361,50,32,1,56.11/-08.09
1362,50,33,0,56.63/-06.54
1363,50,34,0,57.15/-08.31
1364,50,35,0,57.67/-06.73
1365,50,36,0,58.19/-08.56
1366,50,37,0,58.71/-06.93
1367,50,38,0,59.23/-08.82
1368,50,39,0,59.75/-07.15
1369,50,40,0,60.26/-09.10
1370,50,41,0,60.78/-07.38
1371,50,42,0,61.30/-09.40
1372,50,43,0,61.82/-07.62
1373,50,44,3,62.34/-09.72
1374,50,45,3,62.86/-07.89
1375,50,46,0,63.38/-10.07
1376,50,47,4,63.90/-08.18
1377,50,48,0,64.42/-10.46
1378,50,49,0,64.94/-08.50
1379,50,50,0,65.46/-10.87
1380,50,51,0,65.98/-08.85
1381,50,52,0,66.50/-11.33
1382,50,53,0,67.02/-09.22
1383,50,54,7,67.54/-11.82
1384,50,55,4,68.06/-09.64
1385,50,56,7,68.58/-12.37
1386,50,57,7,69.10/-10.09
1387,50,58,7,69.62/-12.98
1388,50,59,7,70.14/-10.60
1389,50,60,7,70.66/-13.65
1390,50,61,7,71.18/-11.16
1391,50,62,7,71.70/-14.40
1392,50,63,7,72.22/-11.79
1393,50,64,7,72.74/-15.24
1394,50,65,0,73.26/-12.50
1395,50,66,0,73.77/-16.19
1396,50,67,0,74.29/-13.31
1397,50,68,0,74.81/-17.28
1398,50,69,0,75.33/-14.23
1399,50,70,0,75.85/-18.53
1400,50,71,0,76.37/-15.29
1401,50,72,0,76.89/-19.98
1402,50,73,0,77.41/-16.53
1403,50,74,1,77.93/-21.68
1404,50,75,0,78.45/-17.99
1405,50,76,1,78.97/-23.71
1406,51,1,1,40.00/-03.91
1407,51,2,1,40.52/-05.13
1408,51,3,1,41.04/-03.97
1409,51,4,1,41.56/-05.21
1410,51,5,1,42.08/-04.04
1411,51,6,1,42.60/-05.30
1412,51,7,1,43.12/-04.11
1413,51,8,1,43.64/-05.39
1414,51,9,1,44.16/-04.18
1415,51,10,0,44.68/-05.49
1416,51,11,0,45.20/-04.25
1417,51,12,0,45.72/-05.59
1418,51,13,0,46.24/-04.33
1419,51,14,0,46.75/-05.70
1420,51,15,0,47.27/-04.42
1421,51,16,0,47.79/-05.81
1422,51,17,0,48.31/-04.51
1423,51,18,2,48.83/-05.93
1424,51,19,2,49.35/-04.60
1425,51,20,0,49.87/-06.06
1426,51,21,0,50.39/-04.70
1427,51,22,2,50.91/-06.19
1428,51,23,0,51.43/-04.81
1429,51,24,0,51.95/-06.34
1430,51,25,1,52.47/-04.92
1431,51,26,0,52.99/-06.49
1432,51,27,1,53.51/-05.04
1433,51,28,0,54.03/-06.65
1434,51,29,0,54.55/-05.17
1435,51,30,1,55.07/-06.82
1436,51,31,1,55.59/-05.31
1437,51,32,1,56.11/-07.01
1438,51,33,1,56.63/-05.45
1439,51,34,0,57.15/-07.20
1440,51,35,1,57.67/-05.61
1441,51,36,0,58.19/-07.41
1442,51,37,1,58.71/-05.78
1443,51,38,0,59.23/-07.64
1444,51,39,0,59.75/-05.95
1445,51,40,0,60.26/-07.88
1446,51,41,0,60.78/-06.15
1447,51,42,0,61.30/-08.14
1448,51,43,1,61.82/-06.35
1449,51,44,0,62.34/-08.43
1450,51,45,3,62.86/-06.58
1451,51,46,4,63.38/-08.73
1452,51,47,0,63.90/-06.82
1453,51,48,0,64.42/-09.06
1454,51,49,0,64.94/-07.08
1455,51,50,0,65.46/-09.42
1456,51,51,0,65.98/-07.37
1457,51,52,0,66.50/-09.81
1458,51,53,0,67.02/-07.69
1459,51,54,0,67.54/-10.25
1460,51,55,7,68.06/-08.03
1461,51,56,7,68.58/-10.72
1462,51,57,4,69.10/-08.41
1463,51,58,7,69.62/-11.24
1464,51,59,7,70.14/-08.83
1465,51,60,7,70.66/-11.83
1466,51,61,7,71.18/-09.30
1467,51,62,7,71.70/-12.48
1468,51,63,7,72.22/-09.83
1469,51,64,7,72.74/-13.21
1470,51,65,0,73.26/-10.42
1471,51,66,0,73.77/-14.03
1472,51,67,0,74.29/-11.09
1473,51,68,0,74.81/-14.97
1474,51,69,0,75.33/-11.86
1475,51,70,0,75.85/-16.06
1476,51,71,0,76.37/-12.74
1477,51,72,0,76.89/-17.31
1478,51,73,0,77.41/-13.77
1479,51,74,0,77.93/-18.79
1480,51,75,0,78.45/-15.00
1481,51,76,1,78.97/-20.55
1482,52,1,1,40.00/-03.13
1483,52,2,1,40.52/-04.34
1484,52,3,1,41.04/-03.18
1485,52,4,1,41.56/-04.41
1486,52,5,1,42.08/-03.23
1487,52,6,1,42.60/-04.49
1488,52,7,1,43.12/-03.29
1489,52,8,1,43.64/-04.56
1490,52,9,1,44.16/-03.34
1491,52,10,0,44.68/-04.64
1492,52,11,0,45.20/-03.40
1493,52,12,0,45.72/-04.73
1494,52,13,0,46.24/-03.47
1495,52,14,0,46.75/-04.82
1496,52,15,0,47.27/-03.54
1497,52,16,0,47.79/-04.92
1498,52,17,0,48.31/-03.61
1499,52,18,2,48.83/-05.02
1500,52,19,2,49.35/-03.68
1501,52,20,0,49.87/-05.13
1502,52,21,1,50.39/-03.76
1503,52,22,0,50.91/-05.24
1504,52,23,0,51.43/-03.85
1505,52,24,1,51.95/-05.36
1506,52,25,1,52.47/-03.94
1507,52,26,1,52.99/-05.49
1508,52,27,1,53.51/-04.03
1509,52,28,0,54.03/-05.63
1510,52,29,0,54.55/-04.14
1511,52,30,0,55.07/-05.77
1512,52,31,0,55.59/-04.25
1513,52,32,0,56.11/-05.93
1514,52,33,1,56.63/-04.36
1515,52,34,1,57.15/-06.10
1516,52,35,1,57.67/-04.49
1517,52,36,1,58.19/-06.27
1518,52,37,1,58.71/-04.62
1519,52,38,1,59.23/-06.46
1520,52,39,0,59.75/-04.76
1521,52,40,0,60.26/-06.67
1522,52,41,0,60.78/-04.92
1523,52,42,0,61.30/-06.89
1524,52,43,0,61.82/-05.08
1525,52,44,0,62.34/-07.13
1526,52,45,3,62.86/-05.26
1527,52,46,4,63.38/-07.39
1528,52,47,0,63.90/-05.46
1529,52,48,0,64.42/-07.67
1530,52,49,0,64.94/-05.67
1531,52,50,0,65.46/-07.97
1532,52,51,0,65.98/-05.90
1533,52,52,0,66.50/-08.30
1534,52,53,0,67.02/-06.15
1535,52,54,0,67.54/-08.67
1536,52,55,7,68.06/-06.43
1537,52,56,7,68.58/-09.07
1538,52,57,7,69.10/-06.73
1539,52,58,4,69.62/-09.51
1540,52,59,4,70.14/-07.07
1541,52,60,7,70.66/-10.01
1542,52,61,7,71.18/-07.44
1543,52,62,7,71.70/-10.56
1544,52,63,7,72.22/-07.86
1545,52,64,7,72.74/-11.17
1546,52,65,0,73.26/-08.33
1547,52,66,0,73.77/-11.87
1548,52,67,0,74.29/-08.87
1549,52,68,0,74.81/-12.67
1550,52,69,0,75.33/-09.48
1551,52,70,0,75.85/-13.59
1552,52,71,0,76.37/-10.19
1553,52,72,0,76.89/-14.65
1554,52,73,0,77.41/-11.02
1555,52,74,0,77.93/-15.90
1556,52,75,0,78.45/-12.00
1557,52,76,0,78.97/-17.39
1558,53,1,1,40.00/-02.35
1559,53,2,1,40.52/-03.55
1560,53,3,1,41.04/-02.38
1561,53,4,1,41.56/-03.61
1562,53,5,1,42.08/-02.42
1563,53,6,1,42.60/-03.67
1564,53,7,1,43.12/-02.46
1565,53,8,1,43.64/-03.73
1566,53,9,1,44.16/-02.51
1567,53,10,0,44.68/-03.80
1568,53,11,0,45.20/-02.55
1569,53,12,0,45.72/-03.87
1570,53,13,0,46.24/-02.60
1571,53,14,0,46.75/-03.94
1572,53,15,0,47.27/-02.65
1573,53,16,0,47.79/-04.02
1574,53,17,0,48.31/-02.71
1575,53,18,1,48.83/-04.11
1576,53,19,1,49.35/-02.76
1577,53,20,1,49.87/-04.19
1578,53,21,0,50.39/-02.82
1579,53,22,0,50.91/-04.29
1580,53,23,0,51.43/-02.89
1581,53,24,1,51.95/-04.39
1582,53,25,1,52.47/-02.95
1583,53,26,1,52.99/-04.49
1584,53,27,1,53.51/-03.03
1585,53,28,1,54.03/-04.60
1586,53,29,1,54.55/-03.10
1587,53,30,0,55.07/-04.72
1588,53,31,1,55.59/-03.18
1589,53,32,1,56.11/-04.85
1590,53,33,1,56.63/-03.27
1591,53,34,1,57.15/-04.99
1592,53,35,1,57.67/-03.37
1593,53,36,1,58.19/-05.13
1594,53,37,0,58.71/-03.47
1595,53,38,1,59.23/-05.29
1596,53,39,0,59.75/-03.57
1597,53,40,0,60.26/-05.46
1598,53,41,4,60.78/-03.69
1599,53,42,4,61.30/-05.64
1600,53,43,0,61.82/-03.81
1601,53,44,4,62.34/-05.83
1602,53,45,3,62.86/-03.95
1603,53,46,0,63.38/-06.04
1604,53,47,0,63.90/-04.09
1605,53,48,0,64.42/-06.27
1606,53,49,0,64.94/-04.25
1607,53,50,0,65.46/-06.52
1608,53,51,0,65.98/-04.42
1609,53,52,0,66.50/-06.79
1610,53,53,0,67.02/-04.61
1611,53,54,0,67.54/-07.09
1612,53,55,0,68.06/-04.82
1613,53,56,7,68.58/-07.42
1614,53,57,7,69.10/-05.05
1615,53,58,7,69.62/-07.78
1616,53,59,4,70.14/-05.30
1617,53,60,7,70.66/-08.19
1618,53,61,7,71.18/-05.58
1619,53,62,7,71.70/-08.64
1620,53,63,7,72.22/-05.90
1621,53,64,7,72.74/-09.14
1622,53,65,0,73.26/-06.25
1623,53,66,0,73.77/-09.71
1624,53,67,0,74.29/-06.65
1625,53,68,0,74.81/-10.36
1626,53,69,0,75.33/-07.11
1627,53,70,0,75.85/-11.11
1628,53,71,0,76.37/-07.64
1629,53,72,0,76.89/-11.98
1630,53,73,0,77.41/-08.26
1631,53,74,0,77.93/-13.01
1632,53,75,0,78.45/-09.00
1633,53,76,0,78.97/-14.22
1634,54,1,1,40.00/-01.57
1635,54,2,1,40.52/-02.76
1636,54,3,1,41.04/-01.59
1637,54,4,1,41.56/-02.81
1638,54,5,1,42.08/-01.62
1639,54,6,1,42.60/-02.85
1640,54,7,1,43.12/-01.64
1641,54,8,1,43.64/-02.90
1642,54,9,1,44.16/-01.67
1643,54,10,0,44.68/-02.96
1644,54,11,0,45.20/-01.70
1645,54,12,0,45.72/-03.01
1646,54,13,0,46.24/-01.73
1647,54,14,0,46.75/-03.07
1648,54,15,0,47.27/-01.77
1649,54,16,0,47.79/-03.13
1650,54,17,1,48.31/-01.80
1651,54,18,1,48.83/-03.19
1652,54,19,1,49.35/-01.84
1653,54,20,0,49.87/-03.26
1654,54,21,1,50.39/-01.88
1655,54,22,0,50.91/-03.33
1656,54,23,0,51.43/-01.92
1657,54,24,1,51.95/-03.41
1658,54,25,1,52.47/-01.97
1659,54,26,1,52.99/-03.49
1660,54,27,1,53.51/-02.02
1661,54,28,1,54.03/-03.58
1662,54,29,1,54.55/-02.07
1663,54,30,0,55.07/-03.67
1664,54,31,1,55.59/-02.12
1665,54,32,1,56.11/-03.77
1666,54,33,0,56.63/-02.18
1667,54,34,1,57.15/-03.88
1668,54,35,0,57.67/-02.24
1669,54,36,1,58.19/-03.99
1670,54,37,0,58.71/-02.31
1671,54,38,0,59.23/-04.11
1672,54,39,0,59.75/-02.38
1673,54,40,0,60.26/-04.24
1674,54,41,0,60.78/-02.46
1675,54,42,0,61.30/-04.38
1676,54,43,0,61.82/-02.54
1677,54,44,0,62.34/-04.54
1678,54,45,3,62.86/-02.63
1679,54,46,0,63.38/-04.70
1680,54,47,0,63.90/-02.73
1681,54,48,0,64.42/-04.88
1682,54,49,0,64.94/-02.83
1683,54,50,0,65.46/-05.07
1684,54,51,0,65.98/-02.95
1685,54,52,0,66.50/-05.28
1686,54,53,0,67.02/-03.07
1687,54,54,0,67.54/-05.52
1688,54,55,0,68.06/-03.21
1689,54,56,7,68.58/-05.77
1690,54,57,7,69.10/-03.36
1691,54,58,7,69.62/-06.05
1692,54,59,7,70.14/-03.53
1693,54,60,7,70.66/-06.37
1694,54,61,7,71.18/-03.72
1695,54,62,7,71.70/-06.72
1696,54,63,7,72.22/-03.93
1697,54,64,7,72.74/-07.11
1698,54,65,0,73.26/-04.17
1699,54,66,0,73.77/-07.55
1700,54,67,0,74.29/-04.44
1701,54,68,0,74.81/-08.06
1702,54,69,0,75.33/-04.74
1703,54,70,0,75.85/-08.64
1704,54,71,0,76.37/-05.10
1705,54,72,0,76.89/-09.32
1706,54,73,0,77.41/-05.51
1707,54,74,0,77.93/-10.11
1708,54,75,0,78.45/-06.00
1709,54,76,0,78.97/-11.06
1710,55,1,1,40.00/-00.78
1711,55,2,1,40.52/-01.97
1712,55,3,1,41.04/-00.79
1713,55,4,1,41.56/-02.01
1714,55,5,1,42.08/-00.81
1715,55,6,1,42.60/-02.04
1716,55,7,1,43.12/-00.82
1717,55,8,1,43.64/-02.07
1718,55,9,1,44.16/-00.84
1719,55,10,0,44.68/-02.11
1720,55,11,1,45.20/-00.85
1721,55,12,0,45.72/-02.15
1722,55,13,1,46.24/-00.87
1723,55,14,0,46.75/-02.19
1724,55,15,1,47.27/-00.88
1725,55,16,1,47.79/-02.23
1726,55,17,1,48.31/-00.90
1727,55,18,1,48.83/-02.28
1728,55,19,1,49.35/-00.92
1729,55,20,1,49.87/-02.33
1730,55,21,1,50.39/-00.94
1731,55,22,0,50.91/-02.38
1732,55,23,0,51.43/-00.96
1733,55,24,1,51.95/-02.44
1734,55,25,1,52.47/-00.98
1735,55,26,1,52.99/-02.50
1736,55,27,1,53.51/-01.01
1737,55,28,1,54.03/-02.56
1738,55,29,1,54.55/-01.03
1739,55,30,1,55.07/-02.62
1740,55,31,0,55.59/-01.06
1741,55,32,1,56.11/-02.69
1742,55,33,0,56.63/-01.09
1743,55,34,1,57.15/-02.77
1744,55,35,0,57.67/-01.12
1745,55,36,1,58.19/-02.85
1746,55,37,0,58.71/-01.16
1747,55,38,0,59.23/-02.94
1748,55,39,0,59.75/-01.19
1749,55,40,0,60.26/-03.03
1750,55,41,0,60.78/-01.23
1751,55,42,0,61.30/-03.13
1752,55,43,0,61.82/-01.27
1753,55,44,0,62.34/-03.24
1754,55,45,3,62.86/-01.32
1755,55,46,0,63.38/-03.36
1756,55,47,0,63.90/-01.36
1757,55,48,0,64.42/-03.48
1758,55,49,0,64.94/-01.42
1759,55,50,0,65.46/-03.62
1760,55,51,0,65.98/-01.47
1761,55,52,0,66.50/-03.77
1762,55,53,0,67.02/-01.54
1763,55,54,0,67.54/-03.94
1764,55,55,0,68.06/-01.61
1765,55,56,7,68.58/-04.12
1766,55,57,7,69.10/-01.68
1767,55,58,7,69.62/-04.32
1768,55,59,7,70.14/-01.77
1769,55,60,4,70.66/-04.55
1770,55,61,4,71.18/-01.86
1771,55,62,7,71.70/-04.80
1772,55,63,7,72.22/-01.97
1773,55,64,7,72.74/-05.08
1774,55,65,0,73.26/-02.08
1775,55,66,0,73.77/-05.39
1776,55,67,0,74.29/-02.22
1777,55,68,0,74.81/-05.76
1778,55,69,0,75.33/-02.37
1779,55,70,0,75.85/-06.17
1780,55,71,0,76.37/-02.55
1781,55,72,0,76.89/-06.65
1782,55,73,0,77.41/-02.75
1783,55,74,0,77.93/-07.22
1784,55,75,0,78.45/-03.00
1785,55,76,0,78.97/-07.90
1786,56,1,0,40.00/00.00
1787,56,2,1,40.52/-01.18
1788,56,3,0,41.04/00.00
1789,56,4,1,41.56/-01.20
1790,56,5,1,42.08/00.00
1791,56,6,1,42.60/-01.22
1792,56,7,1,43.12/00.00
1793,56,8,1,43.64/-01.24
1794,56,9,1,44.16/00.00
1795,56,10,1,44.68/-01.27
1796,56,11,1,45.20/00.00
1797,56,12,1,45.72/-01.29
1798,56,13,1,46.24/00.00
1799,56,14,1,46.75/-01.31
1800,56,15,1,47.27/00.00
1801,56,16,1,47.79/-01.34
1802,56,17,1,48.31/00.00
1803,56,18,1,48.83/-01.37
1804,56,19,1,49.35/00.00
1805,56,20,1,49.87/-01.40
1806,56,21,1,50.39/00.00
1807,56,22,0,50.91/-01.43
1808,56,23,1,51.43/00.00
1809,56,24,0,51.95/-01.46
1810,56,25,1,52.47/00.00
1811,56,26,1,52.99/-01.50
1812,56,27,1,53.51/00.00
1813,56,28,1,54.03/-01.53
1814,56,29,0,54.55/00.00
1815,56,30,1,55.07/-01.57
1816,56,31,0,55.59/00.00
1817,56,32,1,56.11/-01.62
1818,56,33,0,56.63/00.00
1819,56,34,0,57.15/-01.66
1820,56,35,0,57.67/00.00
1821,56,36,0,58.19/-01.71
1822,56,37,0,58.71/00.00
1823,56,38,0,59.23/-01.76
1824,56,39,0,59.75/00.00
1825,56,40,1,60.26/-01.82
1826,56,41,0,60.78/00.00
1827,56,42,0,61.30/-01.88
1828,56,43,0,61.82/00.00
1829,56,44,0,62.34/-01.94
1830,56,45,3,62.86/00.00
1831,56,46,0,63.38/-02.01
1832,56,47,0,63.90/00.00
1833,56,48,0,64.42/-02.09
1834,56,49,0,64.94/00.00
1835,56,50,0,65.46/-02.17
1836,56,51,0,65.98/00.00
1837,56,52,0,66.50/-02.26
1838,56,53,0,67.02/00.00
1839,56,54,0,67.54/-02.36
1840,56,55,0,68.06/00.00
1841,56,56,0,68.58/-02.47
1842,56,57,7,69.10/00.00
1843,56,58,7,69.62/-02.59
1844,56,59,7,70.14/00.00
1845,56,60,7,70.66/-02.73
1846,56,61,7,71.18/00.00
1847,56,62,7,71.70/-02.88
1848,56,63,7,72.22/00.00
1849,56,64,7,72.74/-03.04
1850,56,65,0,73.26/00.00
1851,56,66,0,73.77/-03.23
1852,56,67,0,74.29/00.00
1853,56,68,0,74.81/-03.45
1854,56,69,0,75.33/00.00
1855,56,70,0,75.85/-03.70
1856,56,71,0,76.37/00.00
1857,56,72,0,76.89/-03.99
1858,56,73,0,77.41/00.00
1859,56,74,0,77.93/-04.33
1860,56,75,0,78.45/00.00
1861,56,76,0,78.97/-04.73
1862,57,2,0,41.04/00.00
1863,57,3,0,41.04/00.00
1864,57,4,1,42.08/00.00
1865,57,5,1,42.08/00.00
1866,57,6,1,43.12/00.00
1867,57,7,1,43.12/00.00
1868,57,8,1,44.16/00.00
1869,57,9,1,44.16/00.00
1870,57,10,1,45.20/00.00
1871,57,11,1,45.20/00.00
1872,57,12,1,46.24/00.00
1873,57,13,1,46.24/00.00
1874,57,14,1,47.27/00.00
1875,57,15,1,47.27/00.00
1876,57,16,1,48.31/00.00
1877,57,17,1,48.31/00.00
1878,57,18,1,49.35/00.00
1879,57,19,1,49.35/00.00
1880,57,20,1,50.39/00.00
1881,57,21,1,50.39/00.00
1882,57,22,1,51.43/00.00
1883,57,23,1,51.43/00.00
1884,57,24,0,52.47/00.00
1885,57,25,1,52.47/00.00
1886,57,26,1,53.51/00.00
1887,57,27,1,53.51/00.00
1888,57,28,0,54.55/00.00
1889,57,29,0,54.55/00.00
1890,57,30,0,55.59/00.00
1891,57,31,0,55.59/00.00
1892,57,32,0,56.63/00.00
1893,57,33,0,56.63/00.00
1894,57,34,0,57.67/00.00
1895,57,35,0,57.67/00.00
1896,57,36,0,58.71/00.00
1897,57,37,0,58.71/00.00
1898,57,38,0,59.75/00.00
1899,57,39,0,59.75/00.00
1900,57,40,0,60.78/00.00
1901,57,41,0,60.78/00.00
1902,57,42,0,61.82/00.00
1903,57,43,4,61.82/00.00
1904,57,44,0,62.86/00.00
1905,57,45,3,62.86/00.00
1906,57,46,3,63.90/00.00
1907,57,47,7,63.90/00.00
1908,57,48,0,64.94/00.00
1909,57,49,7,64.94/00.00
1910,57,50,0,65.98/00.00
1911,57,51,7,65.98/00.00
1912,57,52,0,67.02/00.00
1913,57,53,7,67.02/00.00
1914,57,54,0,68.06/00.00
1915,57,55,7,68.06/00.00
1916,57,56,7,69.10/00.00
1917,57,57,7,69.10/00.00
1918,57,58,7,70.14/00.00
1919,57,59,0,70.14/00.00
1920,57,60,7,71.18/00.00
1921,57,61,0,71.18/00.00
1922,57,62,7,72.22/00.00
1923,57,63,0,72.22/00.00
1924,57,64,7,73.26/00.00
1925,57,65,0,73.26/00.00
1926,57,66,0,74.29/00.00
1927,57,67,0,74.29/00.00
1928,57,68,0,75.33/00.00
1929,57,69,0,75.33/00.00
1930,57,70,0,76.37/00.00
1931,57,71,0,76.37/00.00
1932,57,72,0,77.41/00.00
1933,57,73,0,77.41/00.00
1934,57,74,0,78.45/00.00
1935,57,75,0,78.45/00.00
1936,57,76,0,79.49/00.00
1937,58,4,0,41.56/01.20
1938,58,5,0,42.08/00.81
1939,58,6,1,42.60/01.22
1940,58,7,1,43.12/00.82
1941,58,8,1,43.64/01.24
1942,58,9,1,44.16/00.84
1943,58,10,1,44.68/01.27
1944,58,11,1,45.20/00.85
1945,58,12,1,45.72/01.29
1946,58,13,1,46.24/00.87
1947,58,14,1,46.75/01.31
1948,58,15,1,47.27/00.88
1949,58,16,1,47.79/01.34
1950,58,17,1,48.31/00.90
1951,58,18,1,48.83/01.37
1952,58,19,1,49.35/00.92
1953,58,20,1,49.87/01.40
1954,58,21,1,50.39/00.94
1955,58,22,1,50.91/01.43
1956,58,23,1,51.43/00.96
1957,58,24,0,51.95/01.46
1958,58,25,0,52.47/00.98
1959,58,26,1,52.99/01.50
1960,58,27,1,53.51/01.01
1961,58,28,0,54.03/01.53
1962,58,29,0,54.55/01.03
1963,58,30,0,55.07/01.57
1964,58,31,0,55.59/01.06
1965,58,32,0,56.11/01.62
1966,58,33,0,56.63/01.09
1967,58,34,0,57.15/01.66
1968,58,35,0,57.67/01.12
1969,58,36,0,58.19/01.71
1970,58,37,0,58.71/01.16
1971,58,38,0,59.23/01.76
1972,58,39,2,59.75/01.19
1973,58,40,2,60.26/01.82
1974,58,41,2,60.78/01.23
1975,58,42,2,61.30/01.88
1976,58,43,4,61.82/01.27
1977,58,44,0,62.34/01.94
1978,58,45,3,62.86/01.32
1979,58,46,0,63.38/02.01
1980,58,47,3,63.90/01.36
1981,58,48,4,64.42/02.09
1982,58,49,7,64.94/01.42
1983,58,50,7,65.46/02.17
1984,58,51,7,65.98/01.47
1985,58,52,7,66.50/02.26
1986,58,53,7,67.02/01.54
1987,58,54,7,67.54/02.36
1988,58,55,7,68.06/01.61
1989,58,56,7,68.58/02.47
1990,58,57,7,69.10/01.68
1991,58,58,0,69.62/02.59
1992,58,59,0,70.14/01.77
1993,58,60,0,70.66/02.73
1994,58,61,0,71.18/01.86
1995,58,62,0,71.70/02.88
1996,58,63,0,72.22/01.97
1997,58,64,0,72.74/03.04
1998,58,65,0,73.26/02.08
1999,58,66,0,73.77/03.23
2000,58,67,0,74.29/02.22
2001,58,68,0,74.81/03.45
2002,58,69,0,75.33/02.37
2003,58,70,0,75.85/03.70
2004,58,71,0,76.37/02.55
2005,58,72,0,76.89/03.99
2006,58,73,0,77.41/02.75
2007,58,74,0,77.93/04.33
2008,58,75,0,78.45/03.00
2009,58,76,0,78.97/04.73
2010,59,6,1,42.60/02.04
2011,59,7,1,43.12/01.64
2012,59,8,1,43.64/02.07
2013,59,9,1,44.16/01.67
2014,59,10,1,44.68/02.11
2015,59,11,1,45.20/01.70
2016,59,12,1,45.72/02.15
2017,59,13,1,46.24/01.73
2018,59,14,1,46.75/02.19
2019,59,15,1,47.27/01.77
2020,59,16,1,47.79/02.23
2021,59,17,1,48.31/01.80
2022,59,18,1,48.83/02.28
2023,59,19,1,49.35/01.84
2024,59,20,1,49.87/02.33
2025,59,21,1,50.39/01.88
2026,59,22,1,50.91/02.38
2027,59,23,1,51.43/01.92
2028,59,24,1,51.95/02.44
2029,59,25,1,52.47/01.97
2030,59,26,0,52.99/02.50
2031,59,27,0,53.51/02.02
2032,59,28,0,54.03/02.56
2033,59,29,0,54.55/02.07
2034,59,30,0,55.07/02.62
2035,59,31,0,55.59/02.12
2036,59,32,0,56.11/02.69
2037,59,33,0,56.63/02.18
2038,59,34,0,57.15/02.77
2039,59,35,0,57.67/02.24
2040,59,36,2,58.19/02.85
2041,59,37,2,58.71/02.31
2042,59,38,2,59.23/02.94
2043,59,39,2,59.75/02.38
2044,59,40,2,60.26/03.03
2045,59,41,2,60.78/02.46
2046,59,42,2,61.30/03.13
2047,59,43,4,61.82/02.54
2048,59,44,3,62.34/03.24
2049,59,45,0,62.86/02.63
2050,59,46,3,63.38/03.36
2051,59,47,0,63.90/02.73
2052,59,48,3,64.42/03.48
2053,59,49,4,64.94/02.83
2054,59,50,7,65.46/03.62
2055,59,51,4,65.98/02.95
2056,59,52,7,66.50/03.77
2057,59,53,7,67.02/03.07
2058,59,54,7,67.54/03.94
2059,59,55,7,68.06/03.21
2060,59,56,7,68.58/04.12
2061,59,57,7,69.10/03.36
2062,59,58,0,69.62/04.32
2063,59,59,0,70.14/03.53
2064,59,60,0,70.66/04.55
2065,59,61,0,71.18/03.72
2066,59,62,0,71.70/04.80
2067,59,63,0,72.22/03.93
2068,59,64,0,72.74/05.08
2069,59,65,0,73.26/04.17
2070,59,66,0,73.77/05.39
2071,59,67,0,74.29/04.44
2072,59,68,0,74.81/05.76
2073,59,69,0,75.33/04.74
2074,59,70,0,75.85/06.17
2075,59,71,0,76.37/05.10
2076,59,72,0,76.89/06.65
2077,59,73,0,77.41/05.51
2078,59,74,0,77.93/07.22
2079,59,75,0,78.45/06.00
2080,59,76,0,78.97/07.90
2081,60,8,0,43.64/02.90
2082,60,9,0,44.16/02.51
2083,60,10,1,44.68/02.96
2084,60,11,1,45.20/02.55
2085,60,12,1,45.72/03.01
2086,60,13,1,46.24/02.60
2087,60,14,1,46.75/03.07
2088,60,15,1,47.27/02.65
2089,60,16,1,47.79/03.13
2090,60,17,1,48.31/02.71
2091,60,18,1,48.83/03.19
2092,60,19,1,49.35/02.76
2093,60,20,1,49.87/03.26
2094,60,21,1,50.39/02.82
2095,60,22,1,50.91/03.33
2096,60,23,1,51.43/02.89
2097,60,24,1,51.95/03.41
2098,60,25,1,52.47/02.95
2099,60,26,0,52.99/03.49
2100,60,27,0,53.51/03.03
2101,60,28,0,54.03/03.58
2102,60,29,0,54.55/03.10
2103,60,30,0,55.07/03.67
2104,60,31,0,55.59/03.18
2105,60,32,0,56.11/03.77
2106,60,33,0,56.63/03.27
2107,60,34,0,57.15/03.88
2108,60,35,0,57.67/03.37
2109,60,36,2,58.19/03.99
2110,60,37,2,58.71/03.47
2111,60,38,2,59.23/04.11
2112,60,39,2,59.75/03.57
2113,60,40,2,60.26/04.24
2114,60,41,2,60.78/03.69
2115,60,42,2,61.30/04.38
2116,60,43,0,61.82/03.81
2117,60,44,4,62.34/04.54
2118,60,45,3,62.86/03.95
2119,60,46,3,63.38/04.70
2120,60,47,3,63.90/04.09
2121,60,48,7,64.42/04.88
2122,60,49,3,64.94/04.25
2123,60,50,4,65.46/05.07
2124,60,51,7,65.98/04.42
2125,60,52,4,66.50/05.28
2126,60,53,4,67.02/04.61
2127,60,54,4,67.54/05.52
2128,60,55,4,68.06/04.82
2129,60,56,7,68.58/05.77
2130,60,57,0,69.10/05.05
2131,60,58,0,69.62/06.05
2132,60,59,0,70.14/05.30
2133,60,60,0,70.66/06.37
2134,60,61,0,71.18/05.58
2135,60,62,0,71.70/06.72
2136,60,63,0,72.22/05.90
2137,60,64,0,72.74/07.11
2138,60,65,0,73.26/06.25
2139,60,66,0,73.77/07.55
2140,60,67,0,74.29/06.65
2141,60,68,0,74.81/08.06
2142,60,69,0,75.33/07.11
2143,60,70,0,75.85/08.64
2144,60,71,0,76.37/07.64
2145,60,72,0,76.89/09.32
2146,60,73,0,77.41/08.26
2147,60,74,0,77.93/10.11
2148,60,75,0,78.45/09.00
2149,60,76,0,78.97/11.06
2150,61,10,1,44.68/03.80
2151,61,11,1,45.20/03.40
2152,61,12,1,45.72/03.87
2153,61,13,1,46.24/03.47
2154,61,14,1,46.75/03.94
2155,61,15,1,47.27/03.54
2156,61,16,1,47.79/04.02
2157,61,17,1,48.31/03.61
2158,61,18,1,48.83/04.11
2159,61,19,1,49.35/03.68
2160,61,20,1,49.87/04.19
2161,61,21,1,50.39/03.76
2162,61,22,1,50.91/04.29
2163,61,23,1,51.43/03.85
2164,61,24,1,51.95/04.39
2165,61,25,1,52.47/03.94
2166,61,26,0,52.99/04.49
2167,61,27,0,53.51/04.03
2168,61,28,0,54.03/04.60
2169,61,29,0,54.55/04.14
2170,61,30,0,55.07/04.72
2171,61,31,0,55.59/04.25
2172,61,32,0,56.11/04.85
2173,61,33,0,56.63/04.36
2174,61,34,0,57.15/04.99
2175,61,35,2,57.67/04.49
2176,61,36,2,58.19/05.13
2177,61,37,4,58.71/04.62
2178,61,38,4,59.23/05.29
2179,61,39,4,59.75/04.76
2180,61,40,2,60.26/05.46
2181,61,41,4,60.78/04.92
2182,61,42,4,61.30/05.64
2183,61,43,4,61.82/05.08
2184,61,44,1,62.34/05.83
2185,61,45,4,62.86/05.26
2186,61,46,4,63.38/06.04
2187,61,47,3,63.90/05.46
2188,61,48,3,64.42/06.27
2189,61,49,0,64.94/05.67
2190,61,50,3,65.46/06.52
2191,61,51,7,65.98/05.90
2192,61,52,7,66.50/06.79
2193,61,53,7,67.02/06.15
2194,61,54,4,67.54/07.09
2195,61,55,4,68.06/06.43
2196,61,56,0,68.58/07.42
2197,61,57,0,69.10/06.73
2198,61,58,0,69.62/07.78
2199,61,59,0,70.14/07.07
2200,61,60,0,70.66/08.19
2201,61,61,0,71.18/07.44
2202,61,62,0,71.70/08.64
2203,61,63,0,72.22/07.86
2204,61,64,0,72.74/09.14
2205,61,65,0,73.26/08.33
2206,61,66,0,73.77/09.71
2207,61,67,0,74.29/08.87
2208,61,68,0,74.81/10.36
2209,61,69,0,75.33/09.48
2210,61,70,0,75.85/11.11
2211,61,71,0,76.37/10.19
2212,61,72,0,76.89/11.98
2213,61,73,0,77.41/11.02
2214,61,74,0,77.93/13.01
2215,61,75,0,78.45/12.00
2216,61,76,0,78.97/14.22
2217,62,12,1,45.72/04.73
2218,62,13,1,46.24/04.33
2219,62,14,1,46.75/04.82
2220,62,15,1,47.27/04.42
2221,62,16,1,47.79/04.92
2222,62,17,1,48.31/04.51
2223,62,18,1,48.83/05.02
2224,62,19,1,49.35/04.60
2225,62,20,1,49.87/05.13
2226,62,21,1,50.39/04.70
2227,62,22,1,50.91/05.24
2228,62,23,1,51.43/04.81
2229,62,24,1,51.95/05.36
2230,62,25,1,52.47/04.92
2231,62,26,1,52.99/05.49
2232,62,27,0,53.51/05.04
2233,62,28,1,54.03/05.63
2234,62,29,0,54.55/05.17
2235,62,30,0,55.07/05.77
2236,62,31,0,55.59/05.31
2237,62,32,0,56.11/05.93
2238,62,33,0,56.63/05.45
2239,62,34,0,57.15/06.10
2240,62,35,2,57.67/05.61
2241,62,36,4,58.19/06.27
2242,62,37,0,58.71/05.78
2243,62,38,0,59.23/06.46
2244,62,39,1,59.75/05.95
2245,62,40,1,60.26/06.67
2246,62,41,1,60.78/06.15
2247,62,42,1,61.30/06.89
2248,62,43,1,61.82/06.35
2249,62,44,1,62.34/07.13
2250,62,45,1,62.86/06.58
2251,62,46,1,63.38/07.39
2252,62,47,4,63.90/06.82
2253,62,48,1,64.42/07.67
2254,62,49,3,64.94/07.08
2255,62,50,3,65.46/07.97
2256,62,51,3,65.98/07.37
2257,62,52,3,66.50/08.30
2258,62,53,7,67.02/07.69
2259,62,54,3,67.54/08.67
2260,62,55,0,68.06/08.03
2261,62,56,0,68.58/09.07
2262,62,57,0,69.10/08.41
2263,62,58,0,69.62/09.51
2264,62,59,0,70.14/08.83
2265,62,60,0,70.66/10.01
2266,62,61,0,71.18/09.30
2267,62,62,0,71.70/10.56
2268,62,63,0,72.22/09.83
2269,62,64,0,72.74/11.17
2270,62,65,0,73.26/10.42
2271,62,66,0,73.77/11.87
2272,62,67,0,74.29/11.09
2273,62,68,0,74.81/12.67
2274,62,69,0,75.33/11.86
2275,62,70,0,75.85/13.59
2276,62,71,0,76.37/12.74
2277,62,72,0,76.89/14.65
2278,62,73,0,77.41/13.77
2279,62,74,0,77.93/15.90
2280,62,75,0,78.45/15.00
2281,62,76,1,78.97/17.39
2282,63,14,1,46.75/05.70
2283,63,15,1,47.27/05.30
2284,63,16,1,47.79/05.81
2285,63,17,1,48.31/05.41
2286,63,18,1,48.83/05.93
2287,63,19,1,49.35/05.52
2288,63,20,1,49.87/06.06
2289,63,21,1,50.39/05.64
2290,63,22,1,50.91/06.19
2291,63,23,1,51.43/05.77
2292,63,24,1,51.95/06.34
2293,63,25,1,52.47/05.91
2294,63,26,1,52.99/06.49
2295,63,27,1,53.51/06.05
2296,63,28,1,54.03/06.65
2297,63,29,0,54.55/06.21
2298,63,30,0,55.07/06.82
2299,63,31,0,55.59/06.37
2300,63,32,0,56.11/07.01
2301,63,33,0,56.63/06.54
2302,63,34,2,57.15/07.20
2303,63,35,2,57.67/06.73
2304,63,36,0,58.19/07.41
2305,63,37,0,58.71/06.93
2306,63,38,0,59.23/07.64
2307,63,39,1,59.75/07.15
2308,63,40,1,60.26/07.88
2309,63,41,1,60.78/07.38
2310,63,42,1,61.30/08.14
2311,63,43,1,61.82/07.62
2312,63,44,1,62.34/08.43
2313,63,45,1,62.86/07.89
2314,63,46,1,63.38/08.73
2315,63,47,4,63.90/08.18
2316,63,48,4,64.42/09.06
2317,63,49,0,64.94/08.50
2318,63,50,3,65.46/09.42
2319,63,51,0,65.98/08.85
2320,63,52,3,66.50/09.81
2321,63,53,0,67.02/09.22
2322,63,54,0,67.54/10.25
2323,63,55,3,68.06/09.64
2324,63,56,0,68.58/10.72
2325,63,57,0,69.10/10.09
2326,63,58,0,69.62/11.24
2327,63,59,0,70.14/10.60
2328,63,60,0,70.66/11.83
2329,63,61,0,71.18/11.16
2330,63,62,0,71.70/12.48
2331,63,63,0,72.22/11.79
2332,63,64,0,72.74/13.21
2333,63,65,0,73.26/12.50
2334,63,66,0,73.77/14.03
2335,63,67,0,74.29/13.31
2336,63,68,0,74.81/14.97
2337,63,69,0,75.33/14.23
2338,63,70,0,75.85/16.06
2339,63,71,0,76.37/15.29
2340,63,72,1,76.89/17.31
2341,63,73,1,77.41/16.53
2342,63,74,1,77.93/18.79
2343,63,75,1,78.45/17.99
2344,63,76,1,78.97/20.55
2345,64,16,1,47.79/06.71
2346,64,17,1,48.31/06.31
2347,64,18,1,48.83/06.84
2348,64,19,1,49.35/06.45
2349,64,20,1,49.87/06.99
2350,64,21,1,50.39/06.59
2351,64,22,1,50.91/07.15
2352,64,23,1,51.43/06.73
2353,64,24,1,51.95/07.31
2354,64,25,1,52.47/06.89
2355,64,26,1,52.99/07.49
2356,64,27,1,53.51/07.06
2357,64,28,1,54.03/07.67
2358,64,29,0,54.55/07.24
2359,64,30,0,55.07/07.87
2360,64,31,0,55.59/07.43
2361,64,32,0,56.11/08.09
2362,64,33,0,56.63/07.63
2363,64,34,2,57.15/08.31
2364,64,35,2,57.67/07.85
2365,64,36,1,58.19/08.56
2366,64,37,0,58.71/08.09
2367,64,38,0,59.23/08.82
2368,64,39,1,59.75/08.34
2369,64,40,1,60.26/09.10
2370,64,41,1,60.78/08.61
2371,64,42,1,61.30/09.40
2372,64,43,1,61.82/08.90
2373,64,44,1,62.34/09.72
2374,64,45,1,62.86/09.21
2375,64,46,1,63.38/10.07
2376,64,47,1,63.90/09.55
2377,64,48,1,64.42/10.46
2378,64,49,4,64.94/09.92
2379,64,50,4,65.46/10.87
2380,64,51,3,65.98/10.32
2381,64,52,4,66.50/11.33
2382,64,53,3,67.02/10.76
2383,64,54,4,67.54/11.82
2384,64,55,0,68.06/11.24
2385,64,56,0,68.58/12.37
2386,64,57,0,69.10/11.78
2387,64,58,0,69.62/12.98
2388,64,59,0,70.14/12.37
2389,64,60,0,70.66/13.65
2390,64,61,0,71.18/13.02
2391,64,62,0,71.70/14.40
2392,64,63,0,72.22/13.76
2393,64,64,0,72.74/15.24
2394,64,65,0,73.26/14.59
2395,64,66,0,73.77/16.19
2396,64,67,0,74.29/15.52
2397,64,68,0,74.81/17.28
2398,64,69,0,75.33/16.60
2399,64,70,0,75.85/18.53
2400,64,71,0,76.37/17.84
2401,64,72,0,76.89/19.98
2402,64,73,1,77.41/19.28
2403,64,74,1,77.93/21.68
2404,64,75,1,78.45/20.99
2405,64,76,1,78.97/23.71
2406,65,18,1,48.83/07.76
2407,65,19,1,49.35/07.37
2408,65,20,1,49.87/07.92
2409,65,21,1,50.39/07.53
2410,65,22,1,50.91/08.10
2411,65,23,1,51.43/07.70
2412,65,24,1,51.95/08.29
2413,65,25,1,52.47/07.88
2414,65,26,1,52.99/08.49
2415,65,27,1,53.51/08.07
2416,65,28,1,54.03/08.70
2417,65,29,0,54.55/08.27
2418,65,30,1,55.07/08.92
2419,65,31,0,55.59/08.49
2420,65,32,1,56.11/09.16
2421,65,33,1,56.63/08.73
2422,65,34,1,57.15/09.42
2423,65,35,1,57.67/08.97
2424,65,36,2,58.19/09.70
2425,65,37,0,58.71/09.24
2426,65,38,0,59.23/09.99
2427,65,39,0,59.75/09.53
2428,65,40,0,60.26/10.31
2429,65,41,1,60.78/09.83
2430,65,42,1,61.30/10.65
2431,65,43,1,61.82/10.17
2432,65,44,1,62.34/11.02
2433,65,45,1,62.86/10.52
2434,65,46,1,63.38/11.42
2435,65,47,1,63.90/10.91
2436,65,48,1,64.42/11.85
2437,65,49,1,64.94/11.34
2438,65,50,1,65.46/12.32
2439,65,51,4,65.98/11.80
2440,65,52,1,66.50/12.84
2441,65,53,0,67.02/12.30
2442,65,54,3,67.54/13.40
2443,65,55,4,68.06/12.85
2444,65,56,0,68.58/14.02
2445,65,57,0,69.10/13.46
2446,65,58,0,69.62/14.71
2447,65,59,0,70.14/14.13
2448,65,60,0,70.66/15.47
2449,65,61,0,71.18/14.88
2450,65,62,0,71.70/16.32
2451,65,63,0,72.22/15.72
2452,65,64,0,72.74/17.27
2453,65,65,0,73.26/16.67
2454,65,66,0,73.77/18.35
2455,65,67,0,74.29/17.74
2456,65,68,0,74.81/19.58
2457,65,69,0,75.33/18.97
2458,65,70,0,75.85/21.00
2459,65,71,0,76.37/20.39
2460,65,72,0,76.89/22.64
2461,65,73,0,77.41/22.04
2462,65,74,0,77.93/24.57
2463,65,75,0,78.45/23.99
2464,65,76,0,78.97/26.88
2465,66,20,1,49.87/08.86
2466,66,21,1,50.39/08.47
2467,66,22,1,50.91/09.05
2468,66,23,1,51.43/08.66
2469,66,24,1,51.95/09.26
2470,66,25,1,52.47/08.86
2471,66,26,1,52.99/09.48
2472,66,27,1,53.51/09.08
2473,66,28,1,54.03/09.72
2474,66,29,1,54.55/09.31
2475,66,30,1,55.07/09.97
2476,66,31,1,55.59/09.55
2477,66,32,1,56.11/10.24
2478,66,33,1,56.63/09.82
2479,66,34,0,57.15/10.53
2480,66,35,1,57.67/10.10
2481,66,36,2,58.19/10.84
2482,66,37,0,58.71/10.40
2483,66,38,0,59.23/11.17
2484,66,39,1,59.75/10.72
2485,66,40,1,60.26/11.52
2486,66,41,1,60.78/11.06
2487,66,42,1,61.30/11.90
2488,66,43,1,61.82/11.44
2489,66,44,1,62.34/12.31
2490,66,45,1,62.86/11.84
2491,66,46,1,63.38/12.76
2492,66,47,1,63.90/12.28
2493,66,48,1,64.42/13.24
2494,66,49,1,64.94/12.75
2495,66,50,1,65.46/13.77
2496,66,51,1,65.98/13.27
2497,66,52,1,66.50/14.35
2498,66,53,1,67.02/13.84
2499,66,54,1,67.54/14.98
2500,66,55,1,68.06/14.46
2501,66,56,1,68.58/15.67
2502,66,57,1,69.10/15.14
2503,66,58,1,69.62/16.44
2504,66,59,1,70.14/15.90
2505,66,60,0,70.66/17.29
2506,66,61,0,71.18/16.74
2507,66,62,0,71.70/18.24
2508,66,63,0,72.22/17.69
2509,66,64,0,72.74/19.30
2510,66,65,0,73.26/18.75
2511,66,66,0,73.77/20.51
2512,66,67,0,74.29/19.96
2513,66,68,0,74.81/21.89
2514,66,69,0,75.33/21.34
2515,66,70,0,75.85/23.47
2516,66,71,0,76.37/22.93
2517,66,72,0,76.89/25.31
2518,66,73,0,77.41/24.79
2519,66,74,0,77.93/27.47
2520,66,75,0,78.45/26.99
2521,66,76,0,78.97/30.04
2522,67,22,1,50.91/10.01
2523,67,23,1,51.43/09.62
2524,67,24,1,51.95/10.24
2525,67,25,1,52.47/09.85
2526,67,26,1,52.99/10.48
2527,67,27,1,53.51/10.09
2528,67,28,1,54.03/10.74
2529,67,29,1,54.55/10.34
2530,67,30,1,55.07/11.02
2531,67,31,0,55.59/10.62
2532,67,32,0,56.11/11.32
2533,67,33,0,56.63/10.91
2534,67,34,1,57.15/11.64
2535,67,35,0,57.67/11.22
2536,67,36,0,58.19/11.98
2537,67,37,1,58.71/11.55
2538,67,38,1,59.23/12.34
2539,67,39,1,59.75/11.91
2540,67,40,1,60.26/12.73
2541,67,41,1,60.78/12.29
2542,67,42,1,61.30/13.16
2543,67,43,1,61.82/12.71
2544,67,44,1,62.34/13.61
2545,67,45,1,62.86/13.16
2546,67,46,1,63.38/14.10
2547,67,47,1,63.90/13.64
2548,67,48,1,64.42/14.64
2549,67,49,1,64.94/14.17
2550,67,50,1,65.46/15.22
2551,67,51,1,65.98/14.74
2552,67,52,1,66.50/15.86
2553,67,53,1,67.02/15.37
2554,67,54,1,67.54/16.55
2555,67,55,1,68.06/16.06
2556,67,56,1,68.58/17.32
2557,67,57,1,69.10/16.82
2558,67,58,1,69.62/18.17
2559,67,59,1,70.14/17.67
2560,67,60,1,70.66/19.11
2561,67,61,1,71.18/18.60
2562,67,62,0,71.70/20.16
2563,67,63,0,72.22/19.65
2564,67,64,0,72.74/21.34
2565,67,65,0,73.26/20.84
2566,67,66,0,73.77/22.67
2567,67,67,0,74.29/22.18
2568,67,68,0,74.81/24.19
2569,67,69,0,75.33/23.71
2570,67,70,0,75.85/25.94
2571,67,71,0,76.37/25.48
2572,67,72,0,76.89/27.97
2573,67,73,0,77.41/27.55
2574,67,74,0,77.93/30.36
2575,67,75,0,78.45/29.99
2576,67,76,0,78.97/33.20
2577,68,24,1,51.95/11.21
2578,68,25,1,52.47/10.83
2579,68,26,1,52.99/11.48
2580,68,27,1,53.51/11.10
2581,68,28,1,54.03/11.77
2582,68,29,1,54.55/11.38
2583,68,30,1,55.07/12.07
2584,68,31,0,55.59/11.68
2585,68,32,0,56.11/12.40
2586,68,33,1,56.63/12.00
2587,68,34,1,57.15/12.75
2588,68,35,0,57.67/12.34
2589,68,36,1,58.19/13.12
2590,68,37,1,58.71/12.71
2591,68,38,1,59.23/13.52
2592,68,39,1,59.75/13.10
2593,68,40,1,60.26/13.95
2594,68,41,1,60.78/13.52
2595,68,42,1,61.30/14.41
2596,68,43,1,61.82/13.98
2597,68,44,1,62.34/14.91
2598,68,45,1,62.86/14.47
2599,68,46,1,63.38/15.45
2600,68,47,1,63.90/15.01
2601,68,48,1,64.42/16.03
2602,68,49,1,64.94/15.59
2603,68,50,1,65.46/16.67
2604,68,51,1,65.98/16.22
2605,68,52,1,66.50/17.37
2606,68,53,1,67.02/16.91
2607,68,54,1,67.54/18.13
2608,68,55,1,68.06/17.67
2609,68,56,1,68.58/18.97
2610,68,57,1,69.10/18.51
2611,68,58,1,69.62/19.90
2612,68,59,1,70.14/19.43
2613,68,60,1,70.66/20.93
2614,68,61,1,71.18/20.46
2615,68,62,0,71.70/22.08
2616,68,63,0,72.22/21.62
2617,68,64,0,72.74/23.37
2618,68,65,0,73.26/22.92
2619,68,66,0,73.77/24.83
2620,68,67,0,74.29/24.40
2621,68,68,0,74.81/26.50
2622,68,69,0,75.33/26.08
2623,68,70,0,75.85/28.41
2624,68,71,0,76.37/28.03
2625,68,72,0,76.89/30.64
2626,68,73,0,77.41/30.30
2627,68,74,0,77.93/33.25
2628,68,75,0,78.45/32.99
2629,68,76,0,78.97/36.37
2630,69,26,1,52.99/12.48
2631,69,27,1,53.51/12.10
2632,69,28,1,54.03/12.79
2633,69,29,1,54.55/12.41
2634,69,30,1,55.07/13.12
2635,69,31,0,55.59/12.74
2636,69,32,0,56.11/13.48
2637,69,33,1,56.63/13.09
2638,69,34,1,57.15/13.86
2639,69,35,1,57.67/13.46
2640,69,36,1,58.19/14.26
2641,69,37,1,58.71/13.86
2642,69,38,1,59.23/14.69
2643,69,39,1,59.75/14.29
2644,69,40,1,60.26/15.16
2645,69,41,1,60.78/14.75
2646,69,42,1,61.30/15.66
2647,69,43,1,61.82/15.25
2648,69,44,1,62.34/16.20
2649,69,45,1,62.86/15.79
2650,69,46,1,63.38/16.79
2651,69,47,1,63.90/16.37
2652,69,48,1,64.42/17.43
2653,69,49,1,64.94/17.00
2654,69,50,1,65.46/18.12
2655,69,51,1,65.98/17.69
2656,69,52,1,66.50/18.88
2657,69,53,1,67.02/18.45
2658,69,54,1,67.54/19.71
2659,69,55,1,68.06/19.28
2660,69,56,1,68.58/20.62
2661,69,57,1,69.10/20.19
2662,69,58,1,69.62/21.63
2663,69,59,1,70.14/21.20
2664,69,60,1,70.66/22.75
2665,69,61,1,71.18/22.32
2666,69,62,1,71.70/24.00
2667,69,63,1,72.22/23.58
2668,69,64,0,72.74/25.40
2669,69,65,0,73.26/25.00
2670,69,66,0,73.77/26.99
2671,69,67,0,74.29/26.61
2672,69,68,0,74.81/28.80
2673,69,69,0,75.33/28.45
2674,69,70,0,75.85/30.88
2675,69,71,0,76.37/30.58
2676,69,72,0,76.89/33.30
2677,69,73,0,77.41/33.06
2678,69,74,0,77.93/36.14
2679,69,75,0,78.45/35.99
2680,69,76,0,78.97/39.53
2681,70,28,1,54.03/13.82
2682,70,29,1,54.55/13.45
2683,70,30,1,55.07/14.17
2684,70,31,0,55.59/13.80
2685,70,32,0,56.11/14.56
2686,70,33,1,56.63/14.18
2687,70,34,0,57.15/14.96
2688,70,35,1,57.67/14.58
2689,70,36,1,58.19/15.40
2690,70,37,1,58.71/15.02
2691,70,38,1,59.23/15.87
2692,70,39,1,59.75/15.48
2693,70,40,1,60.26/16.37
2694,70,41,1,60.78/15.98
2695,70,42,1,61.30/16.92
2696,70,43,1,61.82/16.52
2697,70,44,0,62.34/17.50
2698,70,45,1,62.86/17.10
2699,70,46,0,63.38/18.13
2700,70,47,0,63.90/17.73
2701,70,48,0,64.42/18.82
2702,70,49,1,64.94/18.42
2703,70,50,1,65.46/19.57
2704,70,51,1,65.98/19.17
2705,70,52,1,66.50/20.39
2706,70,53,1,67.02/19.98
2707,70,54,1,67.54/21.28
2708,70,55,1,68.06/20.88
2709,70,56,1,68.58/22.27
2710,70,57,1,69.10/21.87
2711,70,58,1,69.62/23.36
2712,70,59,1,70.14/22.97
2713,70,60,1,70.66/24.57
2714,70,61,1,71.18/24.19
2715,70,62,1,71.70/25.92
2716,70,63,1,72.22/25.55
2717,70,64,0,72.74/27.44
2718,70,65,0,73.26/27.09
2719,70,66,0,73.77/29.15
2720,70,67,0,74.29/28.83
2721,70,68,0,74.81/31.11
2722,70,69,0,75.33/30.83
2723,70,70,0,75.85/33.36
2724,70,71,0,76.37/33.13
2725,70,72,0,76.89/35.97
2726,70,73,0,77.41/35.81
2727,70,74,0,77.93/39.04
2728,70,75,0,78.45/38.99
2729,70,76,0,78.97/42.69
2730,71,30,1,55.07/15.22
2731,71,31,0,55.59/14.86
2732,71,32,0,56.11/15.63
2733,71,33,0,56.63/15.27
2734,71,34,0,57.15/16.07
2735,71,35,1,57.67/15.70
2736,71,36,0,58.19/16.54
2737,71,37,1,58.71/16.17
2738,71,38,0,59.23/17.05
2739,71,39,1,59.75/16.67
2740,71,40,0,60.26/17.59
2741,71,41,1,60.78/17.21
2742,71,42,1,61.30/18.17
2743,71,43,0,61.82/17.79
2744,71,44,0,62.34/18.80
2745,71,45,0,62.86/18.42
2746,71,46,0,63.38/19.48
2747,71,47,0,63.90/19.10
2748,71,48,0,64.42/20.22
2749,71,49,1,64.94/19.84
2750,71,50,0,65.46/21.02
2751,71,51,1,65.98/20.64
2752,71,52,1,66.50/21.90
2753,71,53,1,67.02/21.52
2754,71,54,1,67.54/22.86
2755,71,55,1,68.06/22.49
2756,71,56,1,68.58/23.92
2757,71,57,1,69.10/23.55
2758,71,58,1,69.62/25.09
2759,71,59,1,70.14/24.73
2760,71,60,1,70.66/26.39
2761,71,61,1,71.18/26.05
2762,71,62,1,71.70/27.84
2763,71,63,1,72.22/27.52
2764,71,64,0,72.74/29.47
2765,71,65,0,73.26/29.17
2766,71,66,0,73.77/31.31
2767,71,67,0,74.29/31.05
2768,71,68,0,74.81/33.41
2769,71,69,0,75.33/33.20
2770,71,70,0,75.85/35.83
2771,71,71,0,76.37/35.68
2772,71,72,0,76.89/38.63
2773,71,73,0,77.41/38.57
2774,71,74,0,77.93/41.93
2775,71,76,0,78.97/45.86
2776,72,32,0,56.11/16.71
2777,72,33,0,56.63/16.36
2778,72,34,0,57.15/17.18
2779,72,35,0,57.67/16.83
2780,72,36,0,58.19/17.68
2781,72,37,0,58.71/17.33
2782,72,38,0,59.23/18.22
2783,72,39,0,59.75/17.86
2784,72,40,0,60.26/18.80
2785,72,41,1,60.78/18.44
2786,72,42,0,61.30/19.42
2787,72,43,0,61.82/19.06
2788,72,44,0,62.34/20.09
2789,72,45,0,62.86/19.73
2790,72,46,0,63.38/20.82
2791,72,47,0,63.90/20.46
2792,72,48,1,64.42/21.61
2793,72,49,0,64.94/21.25
2794,72,50,0,65.46/22.47
2795,72,51,0,65.98/22.12
2796,72,52,1,66.50/23.41
2797,72,53,1,67.02/23.06
2798,72,54,1,67.54/24.44
2799,72,55,1,68.06/24.09
2800,72,56,1,68.58/25.57
2801,72,57,1,69.10/25.24
2802,72,58,1,69.62/26.82
2803,72,59,1,70.14/26.50
2804,72,60,1,70.66/28.21
2805,72,61,1,71.18/27.91
2806,72,62,0,71.70/29.76
2807,72,63,1,72.22/29.48
2808,72,64,0,72.74/31.50
2809,72,65,0,73.26/31.25
2810,72,66,0,73.77/33.47
2811,72,67,0,74.29/33.27
2812,72,68,0,74.81/35.72
2813,72,69,0,75.33/35.57
2814,72,70,0,75.85/38.30
2815,72,71,0,76.37/38.22
2816,72,72,0,76.89/41.30
2817,72,74,0,77.93/44.82
2818,73,34,0,57.15/18.29
2819,73,35,0,57.67/17.95
2820,73,36,0,58.19/18.82
2821,73,37,0,58.71/18.48
2822,73,38,0,59.23/19.40
2823,73,39,0,59.75/19.05
2824,73,40,0,60.26/20.01
2825,73,41,0,60.78/19.67
2826,73,42,0,61.30/20.67
2827,73,43,0,61.82/20.33
2828,73,44,0,62.34/21.39
2829,73,45,0,62.86/21.05
2830,73,46,1,63.38/22.16
2831,73,47,1,63.90/21.83
2832,73,48,1,64.42/23.01
2833,73,49,0,64.94/22.67
2834,73,50,1,65.46/23.92
2835,73,51,0,65.98/23.59
2836,73,52,1,66.50/24.92
2837,73,53,1,67.02/24.60
2838,73,54,1,67.54/26.01
2839,73,55,1,68.06/25.70
2840,73,56,1,68.58/27.22
2841,73,57,1,69.10/26.92
2842,73,58,1,69.62/28.55
2843,73,59,1,70.14/28.27
2844,73,60,1,70.66/30.03
2845,73,61,1,71.18/29.77
2846,73,62,0,71.70/31.68
2847,73,63,0,72.22/31.45
2848,73,64,0,72.74/33.53
2849,73,65,0,73.26/33.34
2850,73,66,0,73.77/35.63
2851,73,67,0,74.29/35.48
2852,73,68,0,74.81/38.02
2853,73,69,0,75.33/37.94
2854,73,70,0,75.85/40.77
2855,73,71,0,76.37/40.77
2856,73,72,0,76.89/43.96
2857,74,36,0,58.19/19.96
2858,74,37,0,58.71/19.64
2859,74,38,0,59.23/20.57
2860,74,39,0,59.75/20.24
2861,74,40,0,60.26/21.22
2862,74,41,0,60.78/20.90
2863,74,42,0,61.30/21.93
2864,74,43,1,61.82/21.60
2865,74,44,1,62.34/22.69
2866,74,45,1,62.86/22.37
2867,74,46,1,63.38/23.51
2868,74,47,1,63.90/23.19
2869,74,48,1,64.42/24.40
2870,74,49,1,64.94/24.09
2871,74,50,1,65.46/25.37
2872,74,51,1,65.98/25.06
2873,74,52,1,66.50/26.43
2874,74,53,1,67.02/26.13
2875,74,54,1,67.54/27.59
2876,74,55,1,68.06/27.31
2877,74,56,1,68.58/28.87
2878,74,57,1,69.10/28.60
2879,74,58,1,69.62/30.28
2880,74,59,1,70.14/30.03
2881,74,60,0,70.66/31.85
2882,74,61,3,71.18/31.63
2883,74,62,0,71.70/33.60
2884,74,63,0,72.22/33.41
2885,74,64,0,72.74/35.57
2886,74,65,0,73.26/35.42
2887,74,66,0,73.77/37.79
2888,74,67,0,74.29/37.70
2889,74,68,0,74.81/40.33
2890,74,69,0,75.33/40.31
2891,74,70,0,75.85/43.24
2892,74,72,0,76.89/46.63
2893,75,38,0,59.23/21.75
2894,75,39,0,59.75/21.44
2895,75,40,0,60.26/22.44
2896,75,41,0,60.78/22.13
2897,75,42,0,61.30/23.18
2898,75,43,1,61.82/22.87
2899,75,44,1,62.34/23.98
2900,75,45,1,62.86/23.68
2901,75,46,1,63.38/24.85
2902,75,47,1,63.90/24.55
2903,75,48,1,64.42/25.79
2904,75,49,1,64.94/25.50
2905,75,50,1,65.46/26.82
2906,75,51,1,65.98/26.54
2907,75,52,1,66.50/27.94
2908,75,53,1,67.02/27.67
2909,75,54,1,67.54/29.17
2910,75,55,1,68.06/28.91
2911,75,56,1,68.58/30.52
2912,75,57,1,69.10/30.28
2913,75,58,1,69.62/32.01
2914,75,59,1,70.14/31.80
2915,75,60,0,70.66/33.67
2916,75,61,0,71.18/33.49
2917,75,62,0,71.70/35.52
2918,75,63,0,72.22/35.38
2919,75,64,0,72.74/37.60
2920,75,65,0,73.26/37.50
2921,75,66,0,73.77/39.95
2922,75,67,0,74.29/39.92
2923,75,68,0,74.81/42.63
2924,75,70,0,75.85/45.71
2925,76,40,1,60.26/23.65
2926,76,41,0,60.78/23.36
2927,76,42,0,61.30/24.43
2928,76,43,1,61.82/24.14
2929,76,44,1,62.34/25.28
2930,76,45,1,62.86/25.00
2931,76,46,1,63.38/26.20
2932,76,47,1,63.90/25.92
2933,76,48,1,64.42/27.19
2934,76,49,1,64.94/26.92
2935,76,50,1,65.46/28.27
2936,76,51,1,65.98/28.01
2937,76,52,1,66.50/29.45
2938,76,53,1,67.02/29.21
2939,76,54,1,67.54/30.74
2940,76,55,1,68.06/30.52
2941,76,56,1,68.58/32.17
2942,76,57,1,69.10/31.97
2943,76,58,1,69.62/33.74
2944,76,59,1,70.14/33.57
2945,76,60,0,70.66/35.49
2946,76,61,0,71.18/35.35
2947,76,62,0,71.70/37.44
2948,76,63,0,72.22/37.34
2949,76,64,0,72.74/39.63
2950,76,65,0,73.26/39.59
2951,76,66,0,73.77/42.11
2952,76,68,0,74.81/44.94
2953,77,42,1,61.30/25.69
2954,77,43,1,61.82/25.42
2955,77,44,1,62.34/26.58
2956,77,45,1,62.86/26.31
2957,77,46,1,63.38/27.54
2958,77,47,1,63.90/27.28
2959,77,48,1,64.42/28.58
2960,77,49,1,64.94/28.34
2961,77,50,1,65.46/29.72
2962,77,51,1,65.98/29.49
2963,77,52,1,66.50/30.96
2964,77,53,1,67.02/30.75
2965,77,54,1,67.54/32.32
2966,77,55,1,68.06/32.13
2967,77,56,1,68.58/33.82
2968,77,57,1,69.10/33.65
2969,77,58,1,69.62/35.47
2970,77,59,1,70.14/35.33
2971,77,60,0,70.66/37.31
2972,77,61,0,71.18/37.21
2973,77,62,0,71.70/39.36
2974,77,63,0,72.22/39.31
2975,77,64,0,72.74/41.66
2976,77,65,0,73.26/41.67
2977,77,66,0,73.77/44.27
2978,78,44,1,62.34/27.87
2979,78,45,1,62.86/27.63
2980,78,46,1,63.38/28.88
2981,78,47,1,63.90/28.65
2982,78,48,1,64.42/29.98
2983,78,49,1,64.94/29.75
2984,78,50,1,65.46/31.17
2985,78,51,1,65.98/30.96
2986,78,52,1,66.50/32.47
2987,78,53,1,67.02/32.28
2988,78,54,1,67.54/33.90
2989,78,55,1,68.06/33.73
2990,78,56,1,68.58/35.47
2991,78,57,1,69.10/35.33
2992,78,58,0,69.62/37.20
2993,78,59,0,70.14/37.10
2994,78,60,0,70.66/39.13
2995,78,61,0,71.18/39.07
2996,78,62,0,71.70/41.28
2997,78,63,0,72.22/41.27
2998,78,64,0,72.74/43.70
2999,78,66,0,73.77/46.43
3000,79,46,1,63.38/30.23
3001,79,47,1,63.90/30.01
3002,79,48,1,64.42/31.37
3003,79,49,1,64.94/31.17
3004,79,50,1,65.46/32.62
3005,79,51,1,65.98/32.44
3006,79,52,1,66.50/33.98
3007,79,53,1,67.02/33.82
3008,79,54,1,67.54/35.47
3009,79,55,1,68.06/35.34
3010,79,56,1,68.58/37.12
3011,79,57,1,69.10/37.01
3012,79,58,0,69.62/38.93
3013,79,59,0,70.14/38.87
3014,79,60,0,70.66/40.95
3015,79,61,0,71.18/40.93
3016,79,62,0,71.70/43.20
3017,79,64,0,72.74/45.73
3018,80,48,1,64.42/32.77
3019,80,49,1,64.94/32.59
3020,80,50,1,65.46/34.07
3021,80,51,1,65.98/33.91
3022,80,52,0,66.50/35.49
3023,80,53,0,67.02/35.36
3024,80,54,1,67.54/37.05
3025,80,55,1,68.06/36.94
3026,80,56,1,68.58/38.77
3027,80,57,1,69.10/38.69
3028,80,58,0,69.62/40.66
3029,80,59,0,70.14/40.63
3030,80,60,0,70.66/42.77
3031,80,62,0,71.70/45.12
3032,81,50,1,65.46/35.52
3033,81,51,0,65.98/35.39
3034,81,52,0,66.50/37.00
3035,81,53,0,67.02/36.89
3036,81,54,1,67.54/38.63
3037,81,55,1,68.06/38.55
3038,81,56,1,68.58/40.42
3039,81,57,1,69.10/40.38
3040,81,58,0,69.62/42.39
3041,81,59,0,70.14/42.40
3042,81,60,0,70.66/44.59
3043,82,52,0,66.50/38.51
3044,82,53,0,67.02/38.43
3045,82,54,1,67.54/40.20
3046,82,55,1,68.06/40.16
3047,82,56,0,68.58/42.07
3048,82,57,0,69.10/42.06
3049,82,58,0,69.62/44.12
3050,82,60,0,70.66/46.41
3051,83,54,0,67.54/41.78
3052,83,55,0,68.06/41.76
3053,83,56,1,68.58/43.72
3054,83,58,0,69.62/45.85
3055,84,56,1,68.58/45.37